{"download": 60236114.41094796, "upload": 75308873.19834873, "ping": 7.113, "server": {"url": "http://speedtestkv1a.viettel.vn:8080/speedtest/upload.php", "lat": "21.0285", "lon": "105.8542", "name": "Hanoi", "country": "Vietnam", "cc": "VN", "sponsor": "Viettel Network", "id": "9903", "host": "speedtestkv1a.viettel.vn:8080", "d": 0.412013855832036, "latency": 7.113}, "timestamp": "2021-03-30T01:55:14.235793Z", "bytes_sent": 94380032, "bytes_received": 77520436, "share": null, "client": {"ip": "118.70.239.39", "lat": "21.0313", "lon": "105.8516", "isp": "FPT Telecom Company", "isprating": "3.7", "rating": "0", "ispdlavg": "0", "ispulavg": "0", "loggedin": "0", "country": "VN"}}
{"download": 41919618.38005939, "upload": 2090098.8777331342, "ping": 4.111, "server": {"url": "http://speedtestkv1a.viettel.vn:8080/speedtest/upload.php", "lat": "21.0285", "lon": "105.8542", "name": "Hanoi", "country": "Vietnam", "cc": "VN", "sponsor": "Viettel Network", "id": "9903", "host": "speedtestkv1a.viettel.vn:8080", "d": 0.412013855832036, "latency": 4.111}, "timestamp": "2021-03-30T01:55:36.677552Z", "bytes_sent": 2621440, "bytes_received": 53333556, "share": null, "client": {"ip": "118.70.239.39", "lat": "21.0313", "lon": "105.8516", "isp": "FPT Telecom Company", "isprating": "3.7", "rating": "0", "ispdlavg": "0", "ispulavg": "0", "loggedin": "0", "country": "VN"}}
{"download": 62165291.3915123, "upload": 79803309.340755, "ping": 10.573, "server": {"url": "http://speedtestkv1a.viettel.vn:8080/speedtest/upload.php", "lat": "21.0285", "lon": "105.8542", "name": "Hanoi", "country": "Vietnam", "cc": "VN", "sponsor": "Viettel Network", "id": "9903", "host": "speedtestkv1a.viettel.vn:8080", "d": 0.412013855832036, "latency": 10.573}, "timestamp": "2021-03-30T01:55:59.020577Z", "bytes_sent": 99885056, "bytes_received": 78352336, "share": null, "client": {"ip": "118.70.239.39", "lat": "21.0313", "lon": "105.8516", "isp": "FPT Telecom Company", "isprating": "3.7", "rating": "0", "ispdlavg": "0", "ispulavg": "0", "loggedin": "0", "country": "VN"}}
