<!-- This xml is automatically generated from ECT. Validated upon UP version CXP9024418/15-R24C66 -->
<hello xmlns="urn:ietf:params:xml:ns:netconf:base:1.0">
   <capabilities>
      <capability>urn:ietf:params:netconf:base:1.0</capability>
      <capability>urn:com:ericsson:ebase:1.1.0</capability>
   </capabilities>
</hello>
]]>]]>

<rpc xmlns="urn:ietf:params:xml:ns:netconf:base:1.0"
     message-id="Feature activation">
   <edit-config>
      <target>
         <running/>
      </target>
      <config>
         <ManagedElement>
            <managedElementId>1</managedElementId>
            <SystemFunctions>
               <systemFunctionsId>1</systemFunctionsId>
               <Lm>
                  <lmId>1</lmId>
                  <!--Recommended features activation-->
               </Lm>
            </SystemFunctions>
         </ManagedElement>
      </config>
   </edit-config>
</rpc>
]]>]]>

<rpc xmlns="urn:ietf:params:xml:ns:netconf:base:1.0"
     message-id="Customized feature activation">
   <edit-config>
      <target>
         <running/>
      </target>
      <config>
         <ManagedElement>
            <managedElementId>1</managedElementId>
            <SystemFunctions>
               <systemFunctionsId>1</systemFunctionsId>
               <Lm>
                  <lmId>1</lmId>
                  <FeatureState><!--Activation of feature:Interference Rejection Combining-->
                     <featureStateId>CXC4010319</featureStateId>
                     <featureState>ACTIVATED</featureState>
                  </FeatureState>
                  <FeatureState><!--Activation of feature:Dual-Antenna Downlink Performance Package-->
                     <featureStateId>CXC4010609</featureStateId>
                     <featureState>ACTIVATED</featureState>
                  </FeatureState>
                  <FeatureState><!--Activation of feature:Coverage-Triggered WCDMA Session Continuity-->
                     <featureStateId>CXC4010616</featureStateId>
                     <featureState>ACTIVATED</featureState>
                  </FeatureState>
                  <FeatureState><!--Activation of feature:Coverage-Triggered GERAN Session Continuity-->
                     <featureStateId>CXC4010618</featureStateId>
                     <featureState>ACTIVATED</featureState>
                  </FeatureState>
                  <FeatureState><!--Activation of feature:Automated Neighbor Relations-->
                     <featureStateId>CXC4010620</featureStateId>
                     <featureState>ACTIVATED</featureState>
                  </FeatureState>
                  <FeatureState><!--Activation of feature:Multiple Radio Bearers per User-->
                     <featureStateId>CXC4010723</featureStateId>
                     <featureState>ACTIVATED</featureState>
                  </FeatureState>
                  <FeatureState><!--Activation of feature:Coverage-Triggered Inter-Frequency Session Continuity-->
                     <featureStateId>CXC4010770</featureStateId>
                     <featureState>ACTIVATED</featureState>
                  </FeatureState>
                  <FeatureState><!--Activation of feature:Efficient DRX/DTX for Connected UE-->
                     <featureStateId>CXC4010912</featureStateId>
                     <featureState>ACTIVATED</featureState>
                  </FeatureState>
                  <FeatureState><!--Activation of feature:QoS-Aware Scheduler-->
                     <featureStateId>CXC4010959</featureStateId>
                     <featureState>ACTIVATED</featureState>
                  </FeatureState>
                  <FeatureState><!--Activation of feature:RLC in Unacknowledged Mode-->
                     <featureStateId>CXC4010961</featureStateId>
                     <featureState>ACTIVATED</featureState>
                  </FeatureState>
                  <FeatureState><!--Activation of feature:Coverage-Triggered Inter-Frequency Handover-->
                     <featureStateId>CXC4010974</featureStateId>
                     <featureState>ACTIVATED</featureState>
                  </FeatureState>
                  <FeatureState><!--Activation of feature:Robust Header Compression-->
                     <featureStateId>CXC4010990</featureStateId>
                     <featureState>ACTIVATED</featureState>
                  </FeatureState>
                  <FeatureState><!--Activation of feature:Minimum Rate Proportional Fair Scheduler-->
                     <featureStateId>CXC4011033</featureStateId>
                     <featureState>ACTIVATED</featureState>
                  </FeatureState>
                  <FeatureState><!--Activation of feature:TCP Optimization-->
                     <featureStateId>CXC4011050</featureStateId>
                     <featureState>ACTIVATED</featureState>
                  </FeatureState>
                  <FeatureState><!--Activation of feature:Quad Antenna Uplink Performance Package-->
                     <featureStateId>CXC4011056</featureStateId>
                     <featureState>ACTIVATED</featureState>
                  </FeatureState>
                  <FeatureState><!--Activation of feature:Dynamic GBR Admission Control-->
                     <featureStateId>CXC4011060</featureStateId>
                     <featureState>ACTIVATED</featureState>
                  </FeatureState>
                  <FeatureState><!--Activation of feature:Dynamic QoS Modification-->
                     <featureStateId>CXC4011061</featureStateId>
                     <featureState>ACTIVATED</featureState>
                  </FeatureState>
                  <FeatureState><!--Activation of feature:Differentiated Admission Control-->
                     <featureStateId>CXC4011062</featureStateId>
                     <featureState>ACTIVATED</featureState>
                  </FeatureState>
                  <FeatureState><!--Activation of feature:Delay-Based Scheduling and Grant Estimation-->
                     <featureStateId>CXC4011064</featureStateId>
                     <featureState>ACTIVATED</featureState>
                  </FeatureState>
                  <FeatureState><!--Activation of feature:Packet Forwarding at S1 Handover-->
                     <featureStateId>CXC4011075</featureStateId>
                     <featureState>ACTIVATED</featureState>
                  </FeatureState>
                  <FeatureState><!--Activation of feature:UE Level Oscillating Handover Minimization-->
                     <featureStateId>CXC4011157</featureStateId>
                     <featureState>ACTIVATED</featureState>
                  </FeatureState>
                  <FeatureState><!--Activation of feature:PCI Conflict Reporting-->
                     <featureStateId>CXC4011183</featureStateId>
                     <featureState>ACTIVATED</featureState>
                  </FeatureState>
                  <FeatureState><!--Activation of feature:Enhanced Cell ID in Traces-->
                     <featureStateId>CXC4011245</featureStateId>
                     <featureState>ACTIVATED</featureState>
                  </FeatureState>
                  <FeatureState><!--Activation of feature:Automated RACH Root Sequence Allocation-->
                     <featureStateId>CXC4011246</featureStateId>
                     <featureState>ACTIVATED</featureState>
                  </FeatureState>
                  <FeatureState><!--Activation of feature:Relative Priority Scheduling-->
                     <featureStateId>CXC4011251</featureStateId>
                     <featureState>ACTIVATED</featureState>
                  </FeatureState>
                  <FeatureState><!--Activation of feature:Variable SR and CQI Periodicity-->
                     <featureStateId>CXC4011258</featureStateId>
                     <featureState>ACTIVATED</featureState>
                  </FeatureState>
                  <FeatureState><!--Activation of feature:Inter-Frequency Load Balancing-->
                     <featureStateId>CXC4011319</featureStateId>
                     <featureState>ACTIVATED</featureState>
                  </FeatureState>
                  <FeatureState><!--Activation of feature:Service Specific DRX-->
                     <featureStateId>CXC4011327</featureStateId>
                     <featureState>ACTIVATED</featureState>
                  </FeatureState>
                  <FeatureState><!--Activation of feature:Mobility Control at Poor Coverage-->
                     <featureStateId>CXC4011345</featureStateId>
                     <featureState>ACTIVATED</featureState>
                  </FeatureState>
                  <FeatureState><!--Activation of feature:Multi-Target RRC Connection Re-establishment-->
                     <featureStateId>CXC4011366</featureStateId>
                     <featureState>ACTIVATED</featureState>
                  </FeatureState>
                  <FeatureState><!--Activation of feature:Best Neighbor Relations for Intra-LTE Load Management-->
                     <featureStateId>CXC4011370</featureStateId>
                     <featureState>ACTIVATED</featureState>
                  </FeatureState>
                  <FeatureState><!--Activation of feature:Automated Cell Capacity Estimation-->
                     <featureStateId>CXC4011373</featureStateId>
                     <featureState>ACTIVATED</featureState>
                  </FeatureState>
                  <FeatureState><!--Activation of feature:Automated Mobility Optimization-->
                     <featureStateId>CXC4011376</featureStateId>
                     <featureState>ACTIVATED</featureState>
                  </FeatureState>
                  <FeatureState><!--Activation of feature:Antenna System Monitoring-->
                     <featureStateId>CXC4011422</featureStateId>
                     <featureState>ACTIVATED</featureState>
                  </FeatureState>
                  <FeatureState><!--Activation of feature:4x2 Quad Antenna Downlink Performance Package-->
                     <featureStateId>CXC4011427</featureStateId>
                     <featureState>ACTIVATED</featureState>
                  </FeatureState>
                  <FeatureState><!--Activation of feature:Uplink Coordinated Multi-Point Reception-->
                     <featureStateId>CXC4011444</featureStateId>
                     <featureState>ACTIVATED</featureState>
                  </FeatureState>
                  <FeatureState><!--Activation of feature:Carrier Aggregation-->
                     <featureStateId>CXC4011476</featureStateId>
                     <featureState>ACTIVATED</featureState>
                  </FeatureState>
                  <FeatureState><!--Activation of feature:Service Specific Load Management-->
                     <featureStateId>CXC4011477</featureStateId>
                     <featureState>ACTIVATED</featureState>
                  </FeatureState>
                  <FeatureState><!--Activation of feature:Enhanced PDCCH Link Adaptation-->
                     <featureStateId>CXC4011482</featureStateId>
                     <featureState>ACTIVATED</featureState>
                  </FeatureState>
                  <FeatureState><!--Activation of feature:PDCCH Power Boost-->
                     <featureStateId>CXC4011515</featureStateId>
                     <featureState>ACTIVATED</featureState>
                  </FeatureState>
                  <FeatureState><!--Activation of feature:IFLB Activation Threshold-->
                     <featureStateId>CXC4011554</featureStateId>
                     <featureState>ACTIVATED</featureState>
                  </FeatureState>
                  <FeatureState><!--Activation of feature:Dynamic SCell Selection for Carrier Aggregation-->
                     <featureStateId>CXC4011559</featureStateId>
                     <featureState>ACTIVATED</featureState>
                  </FeatureState>
                  <FeatureState><!--Activation of feature:Supplemental Downlink for Carrier Aggregation-->
                     <featureStateId>CXC4011567</featureStateId>
                     <featureState>ACTIVATED</featureState>
                  </FeatureState>
                  <FeatureState><!--Activation of feature:Carrier Aggregation-Aware IFLB-->
                     <featureStateId>CXC4011666</featureStateId>
                     <featureState>ACTIVATED</featureState>
                  </FeatureState>
                  <FeatureState><!--Activation of feature:4x4 Quad Antenna Downlink Performance Package-->
                     <featureStateId>CXC4011667</featureStateId>
                     <featureState>ACTIVATED</featureState>
                  </FeatureState>
                  <FeatureState><!--Activation of feature:Coverage-Adapted Load Management-->
                     <featureStateId>CXC4011698</featureStateId>
                     <featureState>ACTIVATED</featureState>
                  </FeatureState>
                  <FeatureState><!--Activation of feature:Priority Paging-->
                     <featureStateId>CXC4011711</featureStateId>
                     <featureState>ACTIVATED</featureState>
                  </FeatureState>
                  <FeatureState><!--Activation of feature:3CC DL Carrier Aggregation Extension-->
                     <featureStateId>CXC4011714</featureStateId>
                     <featureState>ACTIVATED</featureState>
                  </FeatureState>
                  <FeatureState><!--Activation of feature:Load-Based Access Barring-->
                     <featureStateId>CXC4011807</featureStateId>
                     <featureState>ACTIVATED</featureState>
                  </FeatureState>
                  <FeatureState><!--Activation of feature:PHICH Group Spreading-->
                     <featureStateId>CXC4011813</featureStateId>
                     <featureState>ACTIVATED</featureState>
                  </FeatureState>
                  <FeatureState><!--Activation of feature:UE Throughput-Aware IFLB-->
                     <featureStateId>CXC4011911</featureStateId>
                     <featureState>ACTIVATED</featureState>
                  </FeatureState>
                  <FeatureState><!--Activation of feature:Downlink Coordinated Multi-Point-->
                     <featureStateId>CXC4011913</featureStateId>
                     <featureState>ACTIVATED</featureState>
                  </FeatureState>
                  <FeatureState><!--Activation of feature:Service Specific Inactivity Timer-->
                     <featureStateId>CXC4011918</featureStateId>
                     <featureState>ACTIVATED</featureState>
                  </FeatureState>
                  <FeatureState><!--Activation of feature:Carrier Aggregation FDD-TDD-->
                     <featureStateId>CXC4011922</featureStateId>
                     <featureState>ACTIVATED</featureState>
                  </FeatureState>
                  <FeatureState><!--Activation of feature:FDD and TDD on Same eNodeB-->
                     <featureStateId>CXC4011930</featureStateId>
                     <featureState>ACTIVATED</featureState>
                  </FeatureState>
                  <FeatureState><!--Activation of feature:Dynamic Random Access Backoff-->
                     <featureStateId>CXC4011937</featureStateId>
                     <featureState>ACTIVATED</featureState>
                  </FeatureState>
                  <FeatureState><!--Activation of feature:Prioritized SR Scheduling-->
                     <featureStateId>CXC4011938</featureStateId>
                     <featureState>ACTIVATED</featureState>
                  </FeatureState>
                  <FeatureState><!--Activation of feature:Release Inactive UE at High Load Handover-->
                     <featureStateId>CXC4011939</featureStateId>
                     <featureState>ACTIVATED</featureState>
                  </FeatureState>
                  <FeatureState><!--Activation of feature:Dynamic UE Admission Control-->
                     <featureStateId>CXC4011940</featureStateId>
                     <featureState>ACTIVATED</featureState>
                  </FeatureState>
                  <FeatureState><!--Activation of feature:Prioritization of VoLTE in Access Barring-->
                     <featureStateId>CXC4011942</featureStateId>
                     <featureState>ACTIVATED</featureState>
                  </FeatureState>
                  <FeatureState><!--Activation of feature:Load-Based Distribution at Release-->
                     <featureStateId>CXC4011944</featureStateId>
                     <featureState>ACTIVATED</featureState>
                  </FeatureState>
                  <FeatureState><!--Activation of feature:64-QAM Uplink-->
                     <featureStateId>CXC4011946</featureStateId>
                     <featureState>ACTIVATED</featureState>
                  </FeatureState>
                  <FeatureState><!--Activation of feature:Dynamic PUCCH-->
                     <featureStateId>CXC4011955</featureStateId>
                     <featureState>ACTIVATED</featureState>
                  </FeatureState>
                  <FeatureState><!--Activation of feature:Limited-Uplink-Aware IFLB-->
                     <featureStateId>CXC4011966</featureStateId>
                     <featureState>ACTIVATED</featureState>
                  </FeatureState>
                  <FeatureState><!--Activation of feature:Advanced Differentiation for Resource Fair Scheduling-->
                     <featureStateId>CXC4011967</featureStateId>
                     <featureState>ACTIVATED</featureState>
                  </FeatureState>
                  <FeatureState><!--Activation of feature:256-QAM Downlink-->
                     <featureStateId>CXC4011969</featureStateId>
                     <featureState>ACTIVATED</featureState>
                  </FeatureState>
                  <FeatureState><!--Activation of feature:Uplink Carrier Aggregation-->
                     <featureStateId>CXC4011973</featureStateId>
                     <featureState>ACTIVATED</featureState>
                  </FeatureState>
                  <FeatureState><!--Activation of feature:4CC DL Carrier Aggregation Extension-->
                     <featureStateId>CXC4011980</featureStateId>
                     <featureState>ACTIVATED</featureState>
                  </FeatureState>
                  <FeatureState><!--Activation of feature:5CC DL Carrier Aggregation Extension-->
                     <featureStateId>CXC4011981</featureStateId>
                     <featureState>ACTIVATED</featureState>
                  </FeatureState>
                  <FeatureState><!--Activation of feature:Uplink Scheduling Control for Out-of-Coverage UEs-->
                     <featureStateId>CXC4012003</featureStateId>
                     <featureState>ACTIVATED</featureState>
                  </FeatureState>
                  <FeatureState><!--Activation of feature:Adaptive RLC Poll-Retransmission-->
                     <featureStateId>CXC4012018</featureStateId>
                     <featureState>ACTIVATED</featureState>
                  </FeatureState>
                  <FeatureState><!--Activation of feature:Dynamic Uplink Resource Allocation-->
                     <featureStateId>CXC4012036</featureStateId>
                     <featureState>ACTIVATED</featureState>
                  </FeatureState>
                  <FeatureState><!--Activation of feature:Service-Specific HARQ-->
                     <featureStateId>CXC4012070</featureStateId>
                     <featureState>ACTIVATED</featureState>
                  </FeatureState>
                  <FeatureState><!--Activation of feature:Idle Mode Extended DRX-->
                     <featureStateId>CXC4012079</featureStateId>
                     <featureState>ACTIVATED</featureState>
                  </FeatureState>
                  <FeatureState><!--Activation of feature:Progressive Access Barring-->
                     <featureStateId>CXC4012120</featureStateId>
                     <featureState>ACTIVATED</featureState>
                  </FeatureState>
                  <FeatureState><!--Activation of feature:Data-Aware Uplink Scheduling-->
                     <featureStateId>CXC4012129</featureStateId>
                     <featureState>ACTIVATED</featureState>
                  </FeatureState>
                  <FeatureState><!--Activation of feature:TM9 with AAS FDD-->
                     <featureStateId>CXC4012243</featureStateId>
                     <featureState>ACTIVATED</featureState>
                  </FeatureState>
                  <FeatureState><!--Activation of feature:Basic AAS for FDD-->
                     <featureStateId>CXC4012254</featureStateId>
                     <featureState>ACTIVATED</featureState>
                  </FeatureState>
                  <FeatureState><!--Activation of feature:Basic AAS for TDD-->
                     <featureStateId>CXC4012257</featureStateId>
                     <featureState>ACTIVATED</featureState>
                  </FeatureState>
                  <FeatureState><!--Activation of feature:VoLTE Optimized Carrier Aggregation-->
                     <featureStateId>CXC4012259</featureStateId>
                     <featureState>ACTIVATED</featureState>
                  </FeatureState>
                  <FeatureState><!--Activation of feature:Spatial AAS Traffic Distribution Observability-->
                     <featureStateId>CXC4012269</featureStateId>
                     <featureState>ACTIVATED</featureState>
                  </FeatureState>
                  <FeatureState><!--Activation of feature:Downlink User Plane Latency Reduction-->
                     <featureStateId>CXC4012326</featureStateId>
                     <featureState>ACTIVATED</featureState>
                  </FeatureState>
                  <FeatureState><!--Activation of feature:6CC DL Carrier Aggregation Extension-->
                     <featureStateId>CXC4012345</featureStateId>
                     <featureState>ACTIVATED</featureState>
                  </FeatureState>
                  <FeatureState><!--Activation of feature:Incoming NR IRAT Handover-->
                     <featureStateId>CXC4012385</featureStateId>
                     <featureState>ACTIVATED</featureState>
                  </FeatureState>
                  <FeatureState><!--Activation of feature:High Capacity Multi-User MIMO-->
                     <featureStateId>CXC4012390</featureStateId>
                     <featureState>ACTIVATED</featureState>
                  </FeatureState>
                  <FeatureState><!--Activation of feature:Prioritized Call Queuing at High Load-->
                     <featureStateId>CXC4012457</featureStateId>
                     <featureState>ACTIVATED</featureState>
                  </FeatureState>
                  <FeatureState><!--Activation of feature:Carrier Aggregation Downlink Traffic Steering-->
                     <featureStateId>CXC4012496</featureStateId>
                     <featureState>ACTIVATED</featureState>
                  </FeatureState>
               </Lm>
            </SystemFunctions>
         </ManagedElement>
      </config>
   </edit-config>
</rpc>
]]>]]>


<rpc xmlns="urn:ietf:params:xml:ns:netconf:base:1.0" message-id="Close Session">
   <close-session/>
</rpc>
]]>]]>

