<!-- This xml is automatically generated from ECT. Validated upon UP version CXP9024418/15-R24C66 -->
<hello xmlns="urn:ietf:params:xml:ns:netconf:base:1.0">
   <capabilities>
      <capability>urn:ietf:params:netconf:base:1.0</capability>
      <capability>urn:com:ericsson:ebase:1.1.0</capability>
   </capabilities>
</hello>
]]>]]>

<rpc xmlns="urn:ietf:params:xml:ns:netconf:base:1.0"
     message-id="Configure Basic Equipment: BB, Cabinet, SSC and OPM">
   <edit-config>
      <config>
         <ManagedElement>
            <managedElementId>1</managedElementId>
            <Equipment>
               <equipmentId>1</equipmentId>
               <FieldReplaceableUnit>
                  <fieldReplaceableUnitId>BB-1</fieldReplaceableUnitId>
                  <administrativeState>UNLOCKED</administrativeState>
                  <positionRef>ManagedElement=1,Equipment=1,Cabinet=1</positionRef>
                  <EcPort>
                     <ecPortId>1</ecPortId>
                     <hubPosition>X</hubPosition>
                     <ecBusRef>ManagedElement=1,Equipment=1,EcBus=1</ecBusRef>
                  </EcPort>
               </FieldReplaceableUnit>
               <Cabinet>
                  <cabinetId>1</cabinetId>
                  <userLabel>RBS6601</userLabel>
               </Cabinet>
               <EcBus>
                  <ecBusId>1</ecBusId>
                  <ecBusConnectorRef>ManagedElement=1,Equipment=1,FieldReplaceableUnit=BB-1</ecBusConnectorRef>
                  <equipmentSupportFunctionRef>ManagedElement=1,EquipmentSupportFunction=1</equipmentSupportFunctionRef>
               </EcBus>
               <FieldReplaceableUnit>
                  <fieldReplaceableUnitId>SUP-1</fieldReplaceableUnitId>
                  <administrativeState>UNLOCKED</administrativeState>
                  <positionRef>ManagedElement=1,Equipment=1,Cabinet=1</positionRef>
                  <EcPort>
                     <ecPortId>1</ecPortId>
                     <hubPosition>NA</hubPosition>
                     <ecBusRef>ManagedElement=1,Equipment=1,EcBus=1</ecBusRef>
                  </EcPort>
                  <AlarmPort>
                     <alarmPortId>1</alarmPortId>
                     <administrativeState>UNLOCKED</administrativeState>
                     <alarmSlogan>%alarmSlogan:FRU=SUP-1_AlarmPort=1%</alarmSlogan>
                     <!--Substitution variable="alarmSlogan:FRU=SUP-1_AlarmPort=1" area="EQUIPMENT" description="The alarm slogan for FRU=SUP-1 AlarmPort=1. [Type: Text]"-->
                  </AlarmPort>
                  <AlarmPort>
                     <alarmPortId>2</alarmPortId>
                     <administrativeState>UNLOCKED</administrativeState>
                     <alarmSlogan>%alarmSlogan:FRU=SUP-1_AlarmPort=2%</alarmSlogan>
                     <!--Substitution variable="alarmSlogan:FRU=SUP-1_AlarmPort=2" area="EQUIPMENT" description="The alarm slogan for FRU=SUP-1 AlarmPort=2. [Type: Text]"-->
                  </AlarmPort>
                  <AlarmPort>
                     <alarmPortId>3</alarmPortId>
                     <administrativeState>UNLOCKED</administrativeState>
                     <alarmSlogan>%alarmSlogan:FRU=SUP-1_AlarmPort=3%</alarmSlogan>
                     <!--Substitution variable="alarmSlogan:FRU=SUP-1_AlarmPort=3" area="EQUIPMENT" description="The alarm slogan for FRU=SUP-1 AlarmPort=3. [Type: Text]"-->
                  </AlarmPort>
                  <AlarmPort>
                     <alarmPortId>4</alarmPortId>
                     <administrativeState>UNLOCKED</administrativeState>
                     <alarmSlogan>%alarmSlogan:FRU=SUP-1_AlarmPort=4%</alarmSlogan>
                     <!--Substitution variable="alarmSlogan:FRU=SUP-1_AlarmPort=4" area="EQUIPMENT" description="The alarm slogan for FRU=SUP-1 AlarmPort=4. [Type: Text]"-->
                  </AlarmPort>
                  <AlarmPort>
                     <alarmPortId>5</alarmPortId>
                     <administrativeState>UNLOCKED</administrativeState>
                     <alarmSlogan>%alarmSlogan:FRU=SUP-1_AlarmPort=5%</alarmSlogan>
                     <!--Substitution variable="alarmSlogan:FRU=SUP-1_AlarmPort=5" area="EQUIPMENT" description="The alarm slogan for FRU=SUP-1 AlarmPort=5. [Type: Text]"-->
                  </AlarmPort>
                  <AlarmPort>
                     <alarmPortId>6</alarmPortId>
                     <administrativeState>UNLOCKED</administrativeState>
                     <alarmSlogan>%alarmSlogan:FRU=SUP-1_AlarmPort=6%</alarmSlogan>
                     <!--Substitution variable="alarmSlogan:FRU=SUP-1_AlarmPort=6" area="EQUIPMENT" description="The alarm slogan for FRU=SUP-1 AlarmPort=6. [Type: Text]"-->
                  </AlarmPort>
                  <AlarmPort>
                     <alarmPortId>7</alarmPortId>
                     <administrativeState>UNLOCKED</administrativeState>
                     <alarmSlogan>%alarmSlogan:FRU=SUP-1_AlarmPort=7%</alarmSlogan>
                     <!--Substitution variable="alarmSlogan:FRU=SUP-1_AlarmPort=7" area="EQUIPMENT" description="The alarm slogan for FRU=SUP-1 AlarmPort=7. [Type: Text]"-->
                  </AlarmPort>
                  <AlarmPort>
                     <alarmPortId>8</alarmPortId>
                     <administrativeState>UNLOCKED</administrativeState>
                     <alarmSlogan>%alarmSlogan:FRU=SUP-1_AlarmPort=8%</alarmSlogan>
                     <!--Substitution variable="alarmSlogan:FRU=SUP-1_AlarmPort=8" area="EQUIPMENT" description="The alarm slogan for FRU=SUP-1 AlarmPort=8. [Type: Text]"-->
                  </AlarmPort>
               </FieldReplaceableUnit>
            </Equipment>
            <EquipmentSupportFunction>
               <equipmentSupportFunctionId>1</equipmentSupportFunctionId>
               <supportSystemControl>true</supportSystemControl>
               <Climate>
                  <climateId>1</climateId>
                  <controlDomainRef>ManagedElement=1,Equipment=1,Cabinet=1</controlDomainRef>
                  <climateControlMode>NORMAL</climateControlMode>
               </Climate>
            </EquipmentSupportFunction>
            <NodeSupport>
               <nodeSupportId>1</nodeSupportId>
               <MpClusterHandling>
                  <mpClusterHandlingId>1</mpClusterHandlingId>
                  <primaryCoreRef>ManagedElement=1,Equipment=1,FieldReplaceableUnit=BB-1</primaryCoreRef>
               </MpClusterHandling>
            </NodeSupport>
         </ManagedElement>
      </config>
   </edit-config>
</rpc>
]]>]]>

<rpc xmlns="urn:ietf:params:xml:ns:netconf:base:1.0"
     message-id="Configure sector part of FieldReplaceableUnit">
   <edit-config>
      <target>
         <running/>
      </target>
      <config>
         <ManagedElement>
            <managedElementId>1</managedElementId>
            <Equipment>
               <equipmentId>1</equipmentId>
               <FieldReplaceableUnit>
                  <fieldReplaceableUnitId>BB-1</fieldReplaceableUnitId>
                  <RiPort>
                     <riPortId>A</riPortId>
                  </RiPort>
                  <RiPort>
                     <riPortId>B</riPortId>
                  </RiPort>
                  <RiPort>
                     <riPortId>C</riPortId>
                  </RiPort>
               </FieldReplaceableUnit>
               <!--This section create Radio units for sector 1 with RBB=RBB44_1D-->
               <FieldReplaceableUnit>
                  <fieldReplaceableUnitId>Radio-S1-1</fieldReplaceableUnitId>
                  <administrativeState>UNLOCKED</administrativeState>
                  <isSharedWithExternalMe>false</isSharedWithExternalMe>
                  <RfPort>
                     <rfPortId>A</rfPortId>
                     <administrativeState>UNLOCKED</administrativeState>
                     <vswrSupervisionActive>false</vswrSupervisionActive>
                     <vswrSupervisionSensitivity>-1</vswrSupervisionSensitivity>
                  </RfPort>
                  <RfPort>
                     <rfPortId>B</rfPortId>
                     <administrativeState>UNLOCKED</administrativeState>
                     <vswrSupervisionActive>false</vswrSupervisionActive>
                     <vswrSupervisionSensitivity>-1</vswrSupervisionSensitivity>
                  </RfPort>
                  <RfPort>
                     <rfPortId>C</rfPortId>
                     <administrativeState>UNLOCKED</administrativeState>
                     <vswrSupervisionActive>false</vswrSupervisionActive>
                     <vswrSupervisionSensitivity>-1</vswrSupervisionSensitivity>
                  </RfPort>
                  <RfPort>
                     <rfPortId>D</rfPortId>
                     <administrativeState>UNLOCKED</administrativeState>
                     <vswrSupervisionActive>false</vswrSupervisionActive>
                     <vswrSupervisionSensitivity>-1</vswrSupervisionSensitivity>
                  </RfPort>
                  <RiPort>
                     <riPortId>DATA_1</riPortId>
                  </RiPort>
                  <RiPort>
                     <riPortId>DATA_2</riPortId>
                  </RiPort>
               </FieldReplaceableUnit>
               <!--This section create Radio units for sector 2 with RBB=RBB44_1D-->
               <FieldReplaceableUnit>
                  <fieldReplaceableUnitId>Radio-S2-1</fieldReplaceableUnitId>
                  <administrativeState>UNLOCKED</administrativeState>
                  <isSharedWithExternalMe>false</isSharedWithExternalMe>
                  <RfPort>
                     <rfPortId>A</rfPortId>
                     <administrativeState>UNLOCKED</administrativeState>
                     <vswrSupervisionActive>false</vswrSupervisionActive>
                     <vswrSupervisionSensitivity>-1</vswrSupervisionSensitivity>
                  </RfPort>
                  <RfPort>
                     <rfPortId>B</rfPortId>
                     <administrativeState>UNLOCKED</administrativeState>
                     <vswrSupervisionActive>false</vswrSupervisionActive>
                     <vswrSupervisionSensitivity>-1</vswrSupervisionSensitivity>
                  </RfPort>
                  <RfPort>
                     <rfPortId>C</rfPortId>
                     <administrativeState>UNLOCKED</administrativeState>
                     <vswrSupervisionActive>false</vswrSupervisionActive>
                     <vswrSupervisionSensitivity>-1</vswrSupervisionSensitivity>
                  </RfPort>
                  <RfPort>
                     <rfPortId>D</rfPortId>
                     <administrativeState>UNLOCKED</administrativeState>
                     <vswrSupervisionActive>false</vswrSupervisionActive>
                     <vswrSupervisionSensitivity>-1</vswrSupervisionSensitivity>
                  </RfPort>
                  <RiPort>
                     <riPortId>DATA_1</riPortId>
                  </RiPort>
                  <RiPort>
                     <riPortId>DATA_2</riPortId>
                  </RiPort>
               </FieldReplaceableUnit>
               <!--This section create Radio units for sector 3 with RBB=RBB44_1D-->
               <FieldReplaceableUnit>
                  <fieldReplaceableUnitId>Radio-S3-1</fieldReplaceableUnitId>
                  <administrativeState>UNLOCKED</administrativeState>
                  <isSharedWithExternalMe>false</isSharedWithExternalMe>
                  <RfPort>
                     <rfPortId>A</rfPortId>
                     <administrativeState>UNLOCKED</administrativeState>
                     <vswrSupervisionActive>false</vswrSupervisionActive>
                     <vswrSupervisionSensitivity>-1</vswrSupervisionSensitivity>
                  </RfPort>
                  <RfPort>
                     <rfPortId>B</rfPortId>
                     <administrativeState>UNLOCKED</administrativeState>
                     <vswrSupervisionActive>false</vswrSupervisionActive>
                     <vswrSupervisionSensitivity>-1</vswrSupervisionSensitivity>
                  </RfPort>
                  <RfPort>
                     <rfPortId>C</rfPortId>
                     <administrativeState>UNLOCKED</administrativeState>
                     <vswrSupervisionActive>false</vswrSupervisionActive>
                     <vswrSupervisionSensitivity>-1</vswrSupervisionSensitivity>
                  </RfPort>
                  <RfPort>
                     <rfPortId>D</rfPortId>
                     <administrativeState>UNLOCKED</administrativeState>
                     <vswrSupervisionActive>false</vswrSupervisionActive>
                     <vswrSupervisionSensitivity>-1</vswrSupervisionSensitivity>
                  </RfPort>
                  <RiPort>
                     <riPortId>DATA_1</riPortId>
                  </RiPort>
                  <RiPort>
                     <riPortId>DATA_2</riPortId>
                  </RiPort>
               </FieldReplaceableUnit>
            </Equipment>
         </ManagedElement>
      </config>
   </edit-config>
</rpc>
]]>]]>

<rpc xmlns="urn:ietf:params:xml:ns:netconf:base:1.0"
     message-id="Configure Antenna Unit Group with child MO's for all sectors">
   <edit-config>
      <target>
         <running/>
      </target>
      <config>
         <ManagedElement>
            <managedElementId>1</managedElementId>
            <Equipment>
               <equipmentId>1</equipmentId>
               <AntennaUnitGroup>
                  <antennaUnitGroupId>1</antennaUnitGroupId>
                  <AntennaUnit>
                     <antennaUnitId>1</antennaUnitId>
                     <AntennaSubunit>
                        <antennaSubunitId>S1-1</antennaSubunitId>
                        <AuPort>
                           <auPortId>1</auPortId>
                        </AuPort>
                        <AuPort>
                           <auPortId>2</auPortId>
                        </AuPort>
                        <AuPort>
                           <auPortId>3</auPortId>
                        </AuPort>
                        <AuPort>
                           <auPortId>4</auPortId>
                        </AuPort>
                     </AntennaSubunit>
                  </AntennaUnit>
                  <RfBranch>
                     <rfBranchId>S1-1</rfBranchId>
                     <auPortRef>ManagedElement=1,Equipment=1,AntennaUnitGroup=1,AntennaUnit=1,AntennaSubunit=S1-1,AuPort=1</auPortRef>
                     <rfPortRef>ManagedElement=1,Equipment=1,FieldReplaceableUnit=Radio-S1-1,RfPort=A</rfPortRef>
                     <!--Set attenuation and delay values for first band-->
                     <dlAttenuationPerFqRange>-1</dlAttenuationPerFqRange>
                     <ulAttenuationPerFqRange>-1</ulAttenuationPerFqRange>
                     <dlTrafficDelayPerFqRange>-1</dlTrafficDelayPerFqRange>
                     <ulTrafficDelayPerFqRange>-1</ulTrafficDelayPerFqRange>
                     <!--Set attenuation and delay values for second band if dual/triple band radio-->
                     <dlAttenuationPerFqRange>-1</dlAttenuationPerFqRange>
                     <ulAttenuationPerFqRange>-1</ulAttenuationPerFqRange>
                     <dlTrafficDelayPerFqRange>-1</dlTrafficDelayPerFqRange>
                     <ulTrafficDelayPerFqRange>-1</ulTrafficDelayPerFqRange>
                     <!--Set attenuation and delay values for third band if triple band radio-->
                     <dlAttenuationPerFqRange>-1</dlAttenuationPerFqRange>
                     <ulAttenuationPerFqRange>-1</ulAttenuationPerFqRange>
                     <dlTrafficDelayPerFqRange>-1</dlTrafficDelayPerFqRange>
                     <ulTrafficDelayPerFqRange>-1</ulTrafficDelayPerFqRange>
                  </RfBranch>
                  <RfBranch>
                     <rfBranchId>S1-2</rfBranchId>
                     <auPortRef>ManagedElement=1,Equipment=1,AntennaUnitGroup=1,AntennaUnit=1,AntennaSubunit=S1-1,AuPort=2</auPortRef>
                     <rfPortRef>ManagedElement=1,Equipment=1,FieldReplaceableUnit=Radio-S1-1,RfPort=B</rfPortRef>
                     <!--Set attenuation and delay values for first band-->
                     <dlAttenuationPerFqRange>-1</dlAttenuationPerFqRange>
                     <ulAttenuationPerFqRange>-1</ulAttenuationPerFqRange>
                     <dlTrafficDelayPerFqRange>-1</dlTrafficDelayPerFqRange>
                     <ulTrafficDelayPerFqRange>-1</ulTrafficDelayPerFqRange>
                     <!--Set attenuation and delay values for second band if dual/triple band radio-->
                     <dlAttenuationPerFqRange>-1</dlAttenuationPerFqRange>
                     <ulAttenuationPerFqRange>-1</ulAttenuationPerFqRange>
                     <dlTrafficDelayPerFqRange>-1</dlTrafficDelayPerFqRange>
                     <ulTrafficDelayPerFqRange>-1</ulTrafficDelayPerFqRange>
                     <!--Set attenuation and delay values for third band if triple band radio-->
                     <dlAttenuationPerFqRange>-1</dlAttenuationPerFqRange>
                     <ulAttenuationPerFqRange>-1</ulAttenuationPerFqRange>
                     <dlTrafficDelayPerFqRange>-1</dlTrafficDelayPerFqRange>
                     <ulTrafficDelayPerFqRange>-1</ulTrafficDelayPerFqRange>
                  </RfBranch>
                  <RfBranch>
                     <rfBranchId>S1-3</rfBranchId>
                     <auPortRef>ManagedElement=1,Equipment=1,AntennaUnitGroup=1,AntennaUnit=1,AntennaSubunit=S1-1,AuPort=3</auPortRef>
                     <rfPortRef>ManagedElement=1,Equipment=1,FieldReplaceableUnit=Radio-S1-1,RfPort=C</rfPortRef>
                     <!--Set attenuation and delay values for first band-->
                     <dlAttenuationPerFqRange>-1</dlAttenuationPerFqRange>
                     <ulAttenuationPerFqRange>-1</ulAttenuationPerFqRange>
                     <dlTrafficDelayPerFqRange>-1</dlTrafficDelayPerFqRange>
                     <ulTrafficDelayPerFqRange>-1</ulTrafficDelayPerFqRange>
                     <!--Set attenuation and delay values for second band if dual/triple band radio-->
                     <dlAttenuationPerFqRange>-1</dlAttenuationPerFqRange>
                     <ulAttenuationPerFqRange>-1</ulAttenuationPerFqRange>
                     <dlTrafficDelayPerFqRange>-1</dlTrafficDelayPerFqRange>
                     <ulTrafficDelayPerFqRange>-1</ulTrafficDelayPerFqRange>
                     <!--Set attenuation and delay values for third band if triple band radio-->
                     <dlAttenuationPerFqRange>-1</dlAttenuationPerFqRange>
                     <ulAttenuationPerFqRange>-1</ulAttenuationPerFqRange>
                     <dlTrafficDelayPerFqRange>-1</dlTrafficDelayPerFqRange>
                     <ulTrafficDelayPerFqRange>-1</ulTrafficDelayPerFqRange>
                  </RfBranch>
                  <RfBranch>
                     <rfBranchId>S1-4</rfBranchId>
                     <auPortRef>ManagedElement=1,Equipment=1,AntennaUnitGroup=1,AntennaUnit=1,AntennaSubunit=S1-1,AuPort=4</auPortRef>
                     <rfPortRef>ManagedElement=1,Equipment=1,FieldReplaceableUnit=Radio-S1-1,RfPort=D</rfPortRef>
                     <!--Set attenuation and delay values for first band-->
                     <dlAttenuationPerFqRange>-1</dlAttenuationPerFqRange>
                     <ulAttenuationPerFqRange>-1</ulAttenuationPerFqRange>
                     <dlTrafficDelayPerFqRange>-1</dlTrafficDelayPerFqRange>
                     <ulTrafficDelayPerFqRange>-1</ulTrafficDelayPerFqRange>
                     <!--Set attenuation and delay values for second band if dual/triple band radio-->
                     <dlAttenuationPerFqRange>-1</dlAttenuationPerFqRange>
                     <ulAttenuationPerFqRange>-1</ulAttenuationPerFqRange>
                     <dlTrafficDelayPerFqRange>-1</dlTrafficDelayPerFqRange>
                     <ulTrafficDelayPerFqRange>-1</ulTrafficDelayPerFqRange>
                     <!--Set attenuation and delay values for third band if triple band radio-->
                     <dlAttenuationPerFqRange>-1</dlAttenuationPerFqRange>
                     <ulAttenuationPerFqRange>-1</ulAttenuationPerFqRange>
                     <dlTrafficDelayPerFqRange>-1</dlTrafficDelayPerFqRange>
                     <ulTrafficDelayPerFqRange>-1</ulTrafficDelayPerFqRange>
                  </RfBranch>
               </AntennaUnitGroup>
               <AntennaUnitGroup>
                  <antennaUnitGroupId>2</antennaUnitGroupId>
                  <AntennaUnit>
                     <antennaUnitId>2</antennaUnitId>
                     <AntennaSubunit>
                        <antennaSubunitId>S2-1</antennaSubunitId>
                        <AuPort>
                           <auPortId>1</auPortId>
                        </AuPort>
                        <AuPort>
                           <auPortId>2</auPortId>
                        </AuPort>
                        <AuPort>
                           <auPortId>3</auPortId>
                        </AuPort>
                        <AuPort>
                           <auPortId>4</auPortId>
                        </AuPort>
                     </AntennaSubunit>
                  </AntennaUnit>
                  <RfBranch>
                     <rfBranchId>S2-1</rfBranchId>
                     <auPortRef>ManagedElement=1,Equipment=1,AntennaUnitGroup=2,AntennaUnit=2,AntennaSubunit=S2-1,AuPort=1</auPortRef>
                     <rfPortRef>ManagedElement=1,Equipment=1,FieldReplaceableUnit=Radio-S2-1,RfPort=A</rfPortRef>
                     <!--Set attenuation and delay values for first band-->
                     <dlAttenuationPerFqRange>-1</dlAttenuationPerFqRange>
                     <ulAttenuationPerFqRange>-1</ulAttenuationPerFqRange>
                     <dlTrafficDelayPerFqRange>-1</dlTrafficDelayPerFqRange>
                     <ulTrafficDelayPerFqRange>-1</ulTrafficDelayPerFqRange>
                     <!--Set attenuation and delay values for second band if dual/triple band radio-->
                     <dlAttenuationPerFqRange>-1</dlAttenuationPerFqRange>
                     <ulAttenuationPerFqRange>-1</ulAttenuationPerFqRange>
                     <dlTrafficDelayPerFqRange>-1</dlTrafficDelayPerFqRange>
                     <ulTrafficDelayPerFqRange>-1</ulTrafficDelayPerFqRange>
                     <!--Set attenuation and delay values for third band if triple band radio-->
                     <dlAttenuationPerFqRange>-1</dlAttenuationPerFqRange>
                     <ulAttenuationPerFqRange>-1</ulAttenuationPerFqRange>
                     <dlTrafficDelayPerFqRange>-1</dlTrafficDelayPerFqRange>
                     <ulTrafficDelayPerFqRange>-1</ulTrafficDelayPerFqRange>
                  </RfBranch>
                  <RfBranch>
                     <rfBranchId>S2-2</rfBranchId>
                     <auPortRef>ManagedElement=1,Equipment=1,AntennaUnitGroup=2,AntennaUnit=2,AntennaSubunit=S2-1,AuPort=2</auPortRef>
                     <rfPortRef>ManagedElement=1,Equipment=1,FieldReplaceableUnit=Radio-S2-1,RfPort=B</rfPortRef>
                     <!--Set attenuation and delay values for first band-->
                     <dlAttenuationPerFqRange>-1</dlAttenuationPerFqRange>
                     <ulAttenuationPerFqRange>-1</ulAttenuationPerFqRange>
                     <dlTrafficDelayPerFqRange>-1</dlTrafficDelayPerFqRange>
                     <ulTrafficDelayPerFqRange>-1</ulTrafficDelayPerFqRange>
                     <!--Set attenuation and delay values for second band if dual/triple band radio-->
                     <dlAttenuationPerFqRange>-1</dlAttenuationPerFqRange>
                     <ulAttenuationPerFqRange>-1</ulAttenuationPerFqRange>
                     <dlTrafficDelayPerFqRange>-1</dlTrafficDelayPerFqRange>
                     <ulTrafficDelayPerFqRange>-1</ulTrafficDelayPerFqRange>
                     <!--Set attenuation and delay values for third band if triple band radio-->
                     <dlAttenuationPerFqRange>-1</dlAttenuationPerFqRange>
                     <ulAttenuationPerFqRange>-1</ulAttenuationPerFqRange>
                     <dlTrafficDelayPerFqRange>-1</dlTrafficDelayPerFqRange>
                     <ulTrafficDelayPerFqRange>-1</ulTrafficDelayPerFqRange>
                  </RfBranch>
                  <RfBranch>
                     <rfBranchId>S2-3</rfBranchId>
                     <auPortRef>ManagedElement=1,Equipment=1,AntennaUnitGroup=2,AntennaUnit=2,AntennaSubunit=S2-1,AuPort=3</auPortRef>
                     <rfPortRef>ManagedElement=1,Equipment=1,FieldReplaceableUnit=Radio-S2-1,RfPort=C</rfPortRef>
                     <!--Set attenuation and delay values for first band-->
                     <dlAttenuationPerFqRange>-1</dlAttenuationPerFqRange>
                     <ulAttenuationPerFqRange>-1</ulAttenuationPerFqRange>
                     <dlTrafficDelayPerFqRange>-1</dlTrafficDelayPerFqRange>
                     <ulTrafficDelayPerFqRange>-1</ulTrafficDelayPerFqRange>
                     <!--Set attenuation and delay values for second band if dual/triple band radio-->
                     <dlAttenuationPerFqRange>-1</dlAttenuationPerFqRange>
                     <ulAttenuationPerFqRange>-1</ulAttenuationPerFqRange>
                     <dlTrafficDelayPerFqRange>-1</dlTrafficDelayPerFqRange>
                     <ulTrafficDelayPerFqRange>-1</ulTrafficDelayPerFqRange>
                     <!--Set attenuation and delay values for third band if triple band radio-->
                     <dlAttenuationPerFqRange>-1</dlAttenuationPerFqRange>
                     <ulAttenuationPerFqRange>-1</ulAttenuationPerFqRange>
                     <dlTrafficDelayPerFqRange>-1</dlTrafficDelayPerFqRange>
                     <ulTrafficDelayPerFqRange>-1</ulTrafficDelayPerFqRange>
                  </RfBranch>
                  <RfBranch>
                     <rfBranchId>S2-4</rfBranchId>
                     <auPortRef>ManagedElement=1,Equipment=1,AntennaUnitGroup=2,AntennaUnit=2,AntennaSubunit=S2-1,AuPort=4</auPortRef>
                     <rfPortRef>ManagedElement=1,Equipment=1,FieldReplaceableUnit=Radio-S2-1,RfPort=D</rfPortRef>
                     <!--Set attenuation and delay values for first band-->
                     <dlAttenuationPerFqRange>-1</dlAttenuationPerFqRange>
                     <ulAttenuationPerFqRange>-1</ulAttenuationPerFqRange>
                     <dlTrafficDelayPerFqRange>-1</dlTrafficDelayPerFqRange>
                     <ulTrafficDelayPerFqRange>-1</ulTrafficDelayPerFqRange>
                     <!--Set attenuation and delay values for second band if dual/triple band radio-->
                     <dlAttenuationPerFqRange>-1</dlAttenuationPerFqRange>
                     <ulAttenuationPerFqRange>-1</ulAttenuationPerFqRange>
                     <dlTrafficDelayPerFqRange>-1</dlTrafficDelayPerFqRange>
                     <ulTrafficDelayPerFqRange>-1</ulTrafficDelayPerFqRange>
                     <!--Set attenuation and delay values for third band if triple band radio-->
                     <dlAttenuationPerFqRange>-1</dlAttenuationPerFqRange>
                     <ulAttenuationPerFqRange>-1</ulAttenuationPerFqRange>
                     <dlTrafficDelayPerFqRange>-1</dlTrafficDelayPerFqRange>
                     <ulTrafficDelayPerFqRange>-1</ulTrafficDelayPerFqRange>
                  </RfBranch>
               </AntennaUnitGroup>
               <AntennaUnitGroup>
                  <antennaUnitGroupId>3</antennaUnitGroupId>
                  <AntennaUnit>
                     <antennaUnitId>3</antennaUnitId>
                     <AntennaSubunit>
                        <antennaSubunitId>S3-1</antennaSubunitId>
                        <AuPort>
                           <auPortId>1</auPortId>
                        </AuPort>
                        <AuPort>
                           <auPortId>2</auPortId>
                        </AuPort>
                        <AuPort>
                           <auPortId>3</auPortId>
                        </AuPort>
                        <AuPort>
                           <auPortId>4</auPortId>
                        </AuPort>
                     </AntennaSubunit>
                  </AntennaUnit>
                  <RfBranch>
                     <rfBranchId>S3-1</rfBranchId>
                     <auPortRef>ManagedElement=1,Equipment=1,AntennaUnitGroup=3,AntennaUnit=3,AntennaSubunit=S3-1,AuPort=1</auPortRef>
                     <rfPortRef>ManagedElement=1,Equipment=1,FieldReplaceableUnit=Radio-S3-1,RfPort=A</rfPortRef>
                     <!--Set attenuation and delay values for first band-->
                     <dlAttenuationPerFqRange>-1</dlAttenuationPerFqRange>
                     <ulAttenuationPerFqRange>-1</ulAttenuationPerFqRange>
                     <dlTrafficDelayPerFqRange>-1</dlTrafficDelayPerFqRange>
                     <ulTrafficDelayPerFqRange>-1</ulTrafficDelayPerFqRange>
                     <!--Set attenuation and delay values for second band if dual/triple band radio-->
                     <dlAttenuationPerFqRange>-1</dlAttenuationPerFqRange>
                     <ulAttenuationPerFqRange>-1</ulAttenuationPerFqRange>
                     <dlTrafficDelayPerFqRange>-1</dlTrafficDelayPerFqRange>
                     <ulTrafficDelayPerFqRange>-1</ulTrafficDelayPerFqRange>
                     <!--Set attenuation and delay values for third band if triple band radio-->
                     <dlAttenuationPerFqRange>-1</dlAttenuationPerFqRange>
                     <ulAttenuationPerFqRange>-1</ulAttenuationPerFqRange>
                     <dlTrafficDelayPerFqRange>-1</dlTrafficDelayPerFqRange>
                     <ulTrafficDelayPerFqRange>-1</ulTrafficDelayPerFqRange>
                  </RfBranch>
                  <RfBranch>
                     <rfBranchId>S3-2</rfBranchId>
                     <auPortRef>ManagedElement=1,Equipment=1,AntennaUnitGroup=3,AntennaUnit=3,AntennaSubunit=S3-1,AuPort=2</auPortRef>
                     <rfPortRef>ManagedElement=1,Equipment=1,FieldReplaceableUnit=Radio-S3-1,RfPort=B</rfPortRef>
                     <!--Set attenuation and delay values for first band-->
                     <dlAttenuationPerFqRange>-1</dlAttenuationPerFqRange>
                     <ulAttenuationPerFqRange>-1</ulAttenuationPerFqRange>
                     <dlTrafficDelayPerFqRange>-1</dlTrafficDelayPerFqRange>
                     <ulTrafficDelayPerFqRange>-1</ulTrafficDelayPerFqRange>
                     <!--Set attenuation and delay values for second band if dual/triple band radio-->
                     <dlAttenuationPerFqRange>-1</dlAttenuationPerFqRange>
                     <ulAttenuationPerFqRange>-1</ulAttenuationPerFqRange>
                     <dlTrafficDelayPerFqRange>-1</dlTrafficDelayPerFqRange>
                     <ulTrafficDelayPerFqRange>-1</ulTrafficDelayPerFqRange>
                     <!--Set attenuation and delay values for third band if triple band radio-->
                     <dlAttenuationPerFqRange>-1</dlAttenuationPerFqRange>
                     <ulAttenuationPerFqRange>-1</ulAttenuationPerFqRange>
                     <dlTrafficDelayPerFqRange>-1</dlTrafficDelayPerFqRange>
                     <ulTrafficDelayPerFqRange>-1</ulTrafficDelayPerFqRange>
                  </RfBranch>
                  <RfBranch>
                     <rfBranchId>S3-3</rfBranchId>
                     <auPortRef>ManagedElement=1,Equipment=1,AntennaUnitGroup=3,AntennaUnit=3,AntennaSubunit=S3-1,AuPort=3</auPortRef>
                     <rfPortRef>ManagedElement=1,Equipment=1,FieldReplaceableUnit=Radio-S3-1,RfPort=C</rfPortRef>
                     <!--Set attenuation and delay values for first band-->
                     <dlAttenuationPerFqRange>-1</dlAttenuationPerFqRange>
                     <ulAttenuationPerFqRange>-1</ulAttenuationPerFqRange>
                     <dlTrafficDelayPerFqRange>-1</dlTrafficDelayPerFqRange>
                     <ulTrafficDelayPerFqRange>-1</ulTrafficDelayPerFqRange>
                     <!--Set attenuation and delay values for second band if dual/triple band radio-->
                     <dlAttenuationPerFqRange>-1</dlAttenuationPerFqRange>
                     <ulAttenuationPerFqRange>-1</ulAttenuationPerFqRange>
                     <dlTrafficDelayPerFqRange>-1</dlTrafficDelayPerFqRange>
                     <ulTrafficDelayPerFqRange>-1</ulTrafficDelayPerFqRange>
                     <!--Set attenuation and delay values for third band if triple band radio-->
                     <dlAttenuationPerFqRange>-1</dlAttenuationPerFqRange>
                     <ulAttenuationPerFqRange>-1</ulAttenuationPerFqRange>
                     <dlTrafficDelayPerFqRange>-1</dlTrafficDelayPerFqRange>
                     <ulTrafficDelayPerFqRange>-1</ulTrafficDelayPerFqRange>
                  </RfBranch>
                  <RfBranch>
                     <rfBranchId>S3-4</rfBranchId>
                     <auPortRef>ManagedElement=1,Equipment=1,AntennaUnitGroup=3,AntennaUnit=3,AntennaSubunit=S3-1,AuPort=4</auPortRef>
                     <rfPortRef>ManagedElement=1,Equipment=1,FieldReplaceableUnit=Radio-S3-1,RfPort=D</rfPortRef>
                     <!--Set attenuation and delay values for first band-->
                     <dlAttenuationPerFqRange>-1</dlAttenuationPerFqRange>
                     <ulAttenuationPerFqRange>-1</ulAttenuationPerFqRange>
                     <dlTrafficDelayPerFqRange>-1</dlTrafficDelayPerFqRange>
                     <ulTrafficDelayPerFqRange>-1</ulTrafficDelayPerFqRange>
                     <!--Set attenuation and delay values for second band if dual/triple band radio-->
                     <dlAttenuationPerFqRange>-1</dlAttenuationPerFqRange>
                     <ulAttenuationPerFqRange>-1</ulAttenuationPerFqRange>
                     <dlTrafficDelayPerFqRange>-1</dlTrafficDelayPerFqRange>
                     <ulTrafficDelayPerFqRange>-1</ulTrafficDelayPerFqRange>
                     <!--Set attenuation and delay values for third band if triple band radio-->
                     <dlAttenuationPerFqRange>-1</dlAttenuationPerFqRange>
                     <ulAttenuationPerFqRange>-1</ulAttenuationPerFqRange>
                     <dlTrafficDelayPerFqRange>-1</dlTrafficDelayPerFqRange>
                     <ulTrafficDelayPerFqRange>-1</ulTrafficDelayPerFqRange>
                  </RfBranch>
               </AntennaUnitGroup>
            </Equipment>
         </ManagedElement>
      </config>
   </edit-config>
</rpc>
]]>]]>

<rpc xmlns="urn:ietf:params:xml:ns:netconf:base:1.0"
     message-id="Configure Radio links for all sectors">
   <edit-config>
      <target>
         <running/>
      </target>
      <config>
         <ManagedElement>
            <managedElementId>1</managedElementId>
            <Equipment>
               <equipmentId>1</equipmentId>
               <RiLink>
                  <riLinkId>S1-1</riLinkId>
                  <riPortRef1>ManagedElement=1,Equipment=1,FieldReplaceableUnit=BB-1,RiPort=A</riPortRef1>
                  <riPortRef2>ManagedElement=1,Equipment=1,FieldReplaceableUnit=Radio-S1-1,RiPort=DATA_1</riPortRef2>
               </RiLink>
               <RiLink>
                  <riLinkId>S2-1</riLinkId>
                  <riPortRef1>ManagedElement=1,Equipment=1,FieldReplaceableUnit=BB-1,RiPort=B</riPortRef1>
                  <riPortRef2>ManagedElement=1,Equipment=1,FieldReplaceableUnit=Radio-S2-1,RiPort=DATA_1</riPortRef2>
               </RiLink>
               <RiLink>
                  <riLinkId>S3-1</riLinkId>
                  <riPortRef1>ManagedElement=1,Equipment=1,FieldReplaceableUnit=BB-1,RiPort=C</riPortRef1>
                  <riPortRef2>ManagedElement=1,Equipment=1,FieldReplaceableUnit=Radio-S3-1,RiPort=DATA_1</riPortRef2>
               </RiLink>
            </Equipment>
         </ManagedElement>
      </config>
   </edit-config>
</rpc>
]]>]]>

<rpc xmlns="urn:ietf:params:xml:ns:netconf:base:1.0"
     message-id="Configure SectorEquipmentFunction and Reference to Rfbranch, CcBranches for all sectors">
   <edit-config>
      <target>
         <running/>
      </target>
      <config>
         <ManagedElement>
            <managedElementId>1</managedElementId>
            <NodeSupport>
               <nodeSupportId>1</nodeSupportId>
               <!--Create SectorEquipmentFunction and References to RfBranches and CcBranches for sector 1 with ABB=ABB4_1A-->
               <SectorEquipmentFunction>
                  <sectorEquipmentFunctionId>1</sectorEquipmentFunctionId>
                  <administrativeState>UNLOCKED</administrativeState>
                  <rfBranchRef>ManagedElement=1,Equipment=1,AntennaUnitGroup=1,RfBranch=S1-1</rfBranchRef>
                  <rfBranchRef>ManagedElement=1,Equipment=1,AntennaUnitGroup=1,RfBranch=S1-3</rfBranchRef>
                  <rfBranchRef>ManagedElement=1,Equipment=1,AntennaUnitGroup=1,RfBranch=S1-2</rfBranchRef>
                  <rfBranchRef>ManagedElement=1,Equipment=1,AntennaUnitGroup=1,RfBranch=S1-4</rfBranchRef>
                  <userLabel>Sector configured with RBB44_1D and ABB4_1A</userLabel>
               </SectorEquipmentFunction>
               <!--Create SectorEquipmentFunction and References to RfBranches and CcBranches for sector 2 with ABB=ABB4_1A-->
               <SectorEquipmentFunction>
                  <sectorEquipmentFunctionId>2</sectorEquipmentFunctionId>
                  <administrativeState>UNLOCKED</administrativeState>
                  <rfBranchRef>ManagedElement=1,Equipment=1,AntennaUnitGroup=2,RfBranch=S2-1</rfBranchRef>
                  <rfBranchRef>ManagedElement=1,Equipment=1,AntennaUnitGroup=2,RfBranch=S2-3</rfBranchRef>
                  <rfBranchRef>ManagedElement=1,Equipment=1,AntennaUnitGroup=2,RfBranch=S2-2</rfBranchRef>
                  <rfBranchRef>ManagedElement=1,Equipment=1,AntennaUnitGroup=2,RfBranch=S2-4</rfBranchRef>
                  <userLabel>Sector configured with RBB44_1D and ABB4_1A</userLabel>
               </SectorEquipmentFunction>
               <!--Create SectorEquipmentFunction and References to RfBranches and CcBranches for sector 3 with ABB=ABB4_1A-->
               <SectorEquipmentFunction>
                  <sectorEquipmentFunctionId>3</sectorEquipmentFunctionId>
                  <administrativeState>UNLOCKED</administrativeState>
                  <rfBranchRef>ManagedElement=1,Equipment=1,AntennaUnitGroup=3,RfBranch=S3-1</rfBranchRef>
                  <rfBranchRef>ManagedElement=1,Equipment=1,AntennaUnitGroup=3,RfBranch=S3-3</rfBranchRef>
                  <rfBranchRef>ManagedElement=1,Equipment=1,AntennaUnitGroup=3,RfBranch=S3-2</rfBranchRef>
                  <rfBranchRef>ManagedElement=1,Equipment=1,AntennaUnitGroup=3,RfBranch=S3-4</rfBranchRef>
                  <userLabel>Sector configured with RBB44_1D and ABB4_1A</userLabel>
               </SectorEquipmentFunction>
            </NodeSupport>
         </ManagedElement>
      </config>
   </edit-config>
</rpc>
]]>]]>

<rpc xmlns="urn:ietf:params:xml:ns:netconf:base:1.0" message-id="Close Session">
   <close-session/>
</rpc>
]]>]]>

