<!-- This xml is automatically generated from ECT. Validated upon UP version CXP9024418/15-R24C66 -->
<hello xmlns="urn:ietf:params:xml:ns:netconf:base:1.0">
   <capabilities>
      <capability>urn:ietf:params:netconf:base:1.0</capability>
      <capability>urn:com:ericsson:ebase:2.0.0</capability>
   </capabilities>
</hello>
]]>]]>

<rpc xmlns="urn:ietf:params:xml:ns:netconf:base:1.0"
     message-id="Configure Maintenance user, time of day NTP servers, https, cli tls">
   <edit-config>
      <target>
         <running/>
      </target>
      <config>
         <ManagedElement>
            <managedElementId>1</managedElementId>
            <SystemFunctions>
               <systemFunctionsId>1</systemFunctionsId>
               <SecM>
                  <secMId>1</secMId>
                  <UserManagement>
                     <userManagementId>1</userManagementId>
                     <UserIdentity>
                        <userIdentityId>1</userIdentityId>
                        <!--At least the first maintenance user should be defined during AI since it's not possible to do later.-->
                        <MaintenanceUser>
                           <maintenanceUserId>1</maintenanceUserId>
                           <!--User name and password to use when logging in as a maintenance user over SSH.-->
                           <!--Can be omitted if only maintenance user over TLS will be used.-->
                           <userName>%username_maint_user%</userName>
                           <!--Substitution variable="username_maint_user" area="COMMON" description="The name of the maintenance user. [Type: Text]"-->
                           <password>
                              <cleartext/>
                              <password>%password_maint_user%</password>
                              <!--Substitution variable="password_maint_user" area="COMMON" description="The SSH-based login password -
                              If the password is not set, SSH-based login is not available for the maintenance user.
                              The password should contain at least three lower-case, three upper-case, two numeric, and one special character. [Type: Text]"-->
                           </password>
                           <!--Full subject name of a certificate to use when logging in as a maintenance user over TLS.-->
                           <!--Can be omitted if only maintenance user over SSH will be used. Example subjectName: CN=Maintuser-->
                           <subjectName>%subjectName_maint_user%</subjectName>
                           <!--Substitution variable="subjectName_maint_user" area="COMMON" description="The subject name of the certificate that is used for log in -
                              If subject name is not configured, certificate-based log in is not available for the user. [Type: Text]"-->
                        </MaintenanceUser>
                     </UserIdentity>
                  </UserManagement>
               </SecM>
               <SysM>
                  <sysMId>1</sysMId>
                  <TimeM>
                     <timeMId>1</timeMId>
                     <Ntp>
                        <ntpId>1</ntpId>
                        <NtpServer>
                           <ntpServerId>1</ntpServerId>
                           <serverAddress>%Time_of_day_NTP_server_address_1%</serverAddress>
                           <!--Substitution variable="Time_of_day_NTP_server_address_1" area="COMMON" description="The IP address of the NTP server that is used for time-of-day synchronization. [IP address excluding the network prefix length or DNS domain name]"-->
                           <administrativeState>UNLOCKED</administrativeState>
                        </NtpServer>
                        <NtpServer>
                           <ntpServerId>2</ntpServerId>
                           <serverAddress>%Time_of_day_NTP_server_address_2%</serverAddress>
                           <!--Substitution variable="Time_of_day_NTP_server_address_2" area="COMMON" description="The IP address of the NTP server that is used for time-of-day synchronization. [IP address excluding the network prefix length or DNS domain name]"-->
                           <administrativeState>UNLOCKED</administrativeState>
                        </NtpServer>
                     </Ntp>
                  </TimeM>
                  <CliTls>
                     <cliTlsId>1</cliTlsId>
                     <administrativeState>UNLOCKED</administrativeState>
                     <trustCategory>ManagedElement=1,SystemFunctions=1,SecM=1,CertM=1,TrustCategory=oamTrustCategory</trustCategory>
                     <nodeCredential>ManagedElement=1,SystemFunctions=1,SecM=1,CertM=1,NodeCredential=oamNodeCredential</nodeCredential>
                  </CliTls>
                  <HttpM>
                     <httpMId>1</httpMId>
                     <Https>
                        <httpsId>1</httpsId>
                        <trustCategory>ManagedElement=1,SystemFunctions=1,SecM=1,CertM=1,TrustCategory=oamTrustCategory</trustCategory>
                        <nodeCredential>ManagedElement=1,SystemFunctions=1,SecM=1,CertM=1,NodeCredential=oamNodeCredential</nodeCredential>
                     </Https>
                  </HttpM>
               </SysM>
            </SystemFunctions>
         </ManagedElement>
      </config>
   </edit-config>
</rpc>
]]>]]>

<rpc xmlns="urn:ietf:params:xml:ns:netconf:base:1.0"
     message-id="Setting of the License Manager Fingerprint, which triggers installation of the Licence Key File">
   <edit-config>
      <target>
         <running/>
      </target>
      <config>
         <ManagedElement>
            <managedElementId>1</managedElementId>
            <SystemFunctions>
               <systemFunctionsId>1</systemFunctionsId>
               <Lm>
                  <lmId>1</lmId>
                  <fingerprint>%node_logical_name%</fingerprint>
                  <!--Substitution variable="node_logical_name" area="COMMON" description="The logical name of the node, as identified by the management system. The value must be unique. [Type: Text]" flags="UNIQUE"-->
               </Lm>
            </SystemFunctions>
         </ManagedElement>
      </config>
   </edit-config>
</rpc>
]]>]]>

<rpc xmlns="urn:ietf:params:xml:ns:netconf:base:1.0"
     message-id="Activation of key transport licensed features needed for connectivity with the OSS. Remaining licenses should be activated in a later stage">
   <edit-config>
      <target>
         <running/>
      </target>
      <config>
         <ManagedElement>
            <managedElementId>1</managedElementId>
            <SystemFunctions>
               <systemFunctionsId>1</systemFunctionsId>
               <Lm>
                  <lmId>1</lmId>
                  <!--Include appropriate license activations below if needed.-->
                  <!--CXC number for critical transport features:-->
                  <!--Virtual router: CXC4011823, IPv6:CXC4040006, IPsec:CXC4040004, BFD: CXC4011707, Link aggregation:CXC4040002-->
                  <!--VR license is always included in RBS configurations and can be activated-->
                  <!--Virtual router license-->
                  <FeatureState>
                     <featureStateId>CXC4011823</featureStateId>
                     <featureState>ACTIVATED</featureState>
                  </FeatureState>
               </Lm>
            </SystemFunctions>
         </ManagedElement>
      </config>
   </edit-config>
</rpc>
]]>]]>

<rpc xmlns="urn:ietf:params:xml:ns:netconf:base:1.0"
     message-id="Create Transport configuration. This includes all the MOs contained under the Transport MO and the TnPort under Equipment">
   <edit-config>
      <target>
         <running/>
      </target>
      <config>
         <ManagedElement>
            <managedElementId>1</managedElementId>
            <!--Create TnPort and SyncPort-->
            <Equipment>
               <equipmentId>1</equipmentId>
               <FieldReplaceableUnit>
                  <fieldReplaceableUnitId>BB-1</fieldReplaceableUnitId>
                  <TnPort>
                     <tnPortId>TN_B</tnPortId>
                  </TnPort>
                  <SyncPort>
                     <syncPortId>SYNC</syncPortId>
                  </SyncPort>
               </FieldReplaceableUnit>
            </Equipment>
            <Transport>
               <transportId>1</transportId>
               <!--Configure Transport Profiles-->
               <QosProfiles>
                  <qosProfilesId>1</qosProfilesId>
                  <DscpPcpMap>
                     <dscpPcpMapId>defaultDscpToPcpMapping</dscpPcpMapId>
                     <defaultPcp>0</defaultPcp>
                     <pcp0>0</pcp0>
                     <pcp2>10</pcp2>
                     <pcp2>12</pcp2>
                     <pcp2>14</pcp2>
                     <pcp3>18</pcp3>
                     <pcp3>20</pcp3>
                     <pcp3>22</pcp3>
                     <pcp4>8</pcp4>
                     <pcp4>16</pcp4>
                     <pcp4>26</pcp4>
                     <pcp4>28</pcp4>
                     <pcp5>34</pcp5>
                     <pcp5>36</pcp5>
                     <pcp5>38</pcp5>
                     <pcp5>46</pcp5>
                     <pcp6>32</pcp6>
                     <pcp6>40</pcp6>
                     <pcp6>48</pcp6>
                     <pcp7>51</pcp7>
                     <pcp7>54</pcp7>
                  </DscpPcpMap>
               </QosProfiles>
               <!--Configure Ethernet ports-->
               <!--Ethernet port for TN_B-->
               <EthernetPort>
                  <ethernetPortId>TN_B</ethernetPortId>
                  <administrativeState>UNLOCKED</administrativeState>
                  <encapsulation>ManagedElement=1,Equipment=1,FieldReplaceableUnit=BB-1,TnPort=TN_B</encapsulation>
                  <autoNegEnable>false</autoNegEnable>
                  <admOperatingMode>1G_FULL</admOperatingMode>
               </EthernetPort>
               <!--Configure Bridges-->
               <!--Configure Routers and VlanPorts-->
               <!--VlanPort towards port TN_B used by Router: vr_OAM-->
               <VlanPort>
                  <vlanPortId>vr_OAM.IF1</vlanPortId>
                  <encapsulation>ManagedElement=1,Transport=1,EthernetPort=TN_B</encapsulation>
                  <vlanId>%vlan_id_if_1_router:vr_OAM%</vlanId>
                  <!--Substitution variable="vlan_id_if_1_router:vr_OAM" area="TRANSPORT" description="The VLAN identity that shall be used for router:vr_OAM. [Type: Integer, Range: 1 : 4094]"-->
                  <isTagged>true</isTagged>
               </VlanPort>
               <!--Router vr_OAM and all it's contained objects-->
               <Router>
                  <routerId>vr_OAM</routerId>
                  <InterfaceIPv4>
                     <interfaceIPv4Id>1</interfaceIPv4Id>
                     <AddressIPv4>
                        <addressIPv4Id>1</addressIPv4Id>
                        <address>%address_router:vr_OAM%/%network_prefix_length:vr_OAM%</address>
                        <!--Substitution variable="address_router:vr_OAM" area="TRANSPORT" description="The local IP address on router:vr_OAM. The value must be unique. [IPv4 address in dotted decimal notation excluding the network prefix length (i.e. 134.45.34.45)]" flags="UNIQUE"-->
                        <!--Substitution variable="network_prefix_length:vr_OAM" area="TRANSPORT" description="The network prefix length of router:vr_OAM. [Type: Integer, Range: 1 : 31]"-->
                     </AddressIPv4>
                     <encapsulation>ManagedElement=1,Transport=1,VlanPort=vr_OAM.IF1</encapsulation>
                     <egressQosMarking>ManagedElement=1,Transport=1,QosProfiles=1,DscpPcpMap=defaultDscpToPcpMapping</egressQosMarking>
                  </InterfaceIPv4>
                  <RouteTableIPv4Static>
                     <routeTableIPv4StaticId>1</routeTableIPv4StaticId>
                     <Dst>
                        <dstId>default</dstId>
                        <NextHop>
                           <nextHopId>1</nextHopId>
                           <address>%default_route_router:vr_OAM%</address>
                           <!--Substitution variable="default_route_router:vr_OAM" area="TRANSPORT" description="The default route for router:vr_OAM. [IPv4 address in dotted decimal notation excluding the network prefix length (i.e. 134.45.34.45)]"-->
                        </NextHop>
                        <dst>0.0.0.0/0</dst>
                     </Dst>
                  </RouteTableIPv4Static>
               </Router>
               <!--VlanPort towards port TN_B used by Router: LTE-->
               <VlanPort>
                  <vlanPortId>LTE.IF1</vlanPortId>
                  <encapsulation>ManagedElement=1,Transport=1,EthernetPort=TN_B</encapsulation>
                  <vlanId>%vlan_id_if_1_router:LTE%</vlanId>
                  <!--Substitution variable="vlan_id_if_1_router:LTE" area="TRANSPORT" description="The VLAN identity that shall be used for router:LTE. [Type: Integer, Range: 1 : 4094]"-->
                  <isTagged>true</isTagged>
               </VlanPort>
               <!--Router LTE and all it's contained objects-->
               <Router>
                  <routerId>LTE</routerId>
                  <InterfaceIPv4>
                     <interfaceIPv4Id>1</interfaceIPv4Id>
                     <AddressIPv4>
                        <addressIPv4Id>1</addressIPv4Id>
                        <address>%address_router:LTE%/%network_prefix_length:LTE%</address>
                        <!--Substitution variable="address_router:LTE" area="TRANSPORT" description="The local IP address on router:LTE. [IPv4 address in dotted decimal notation excluding the network prefix length (i.e. 134.45.34.45)]"-->
                        <!--Substitution variable="network_prefix_length:LTE" area="TRANSPORT" description="The network prefix length of router:LTE. [Type: Integer, Range: 1 : 31]"-->
                     </AddressIPv4>
                     <encapsulation>ManagedElement=1,Transport=1,VlanPort=LTE.IF1</encapsulation>
                     <egressQosMarking>ManagedElement=1,Transport=1,QosProfiles=1,DscpPcpMap=defaultDscpToPcpMapping</egressQosMarking>
                  </InterfaceIPv4>
                  <RouteTableIPv4Static>
                     <routeTableIPv4StaticId>1</routeTableIPv4StaticId>
                     <Dst>
                        <dstId>default</dstId>
                        <NextHop>
                           <nextHopId>1</nextHopId>
                           <address>%default_route_router:LTE%</address>
                           <!--Substitution variable="default_route_router:LTE" area="TRANSPORT" description="The default route for router:LTE. [IPv4 address in dotted decimal notation excluding the network prefix length (i.e. 134.45.34.45)]"-->
                        </NextHop>
                        <dst>0.0.0.0/0</dst>
                     </Dst>
                  </RouteTableIPv4Static>
               </Router>
               <!--Configure Synchronization-->
               <Ptp>
                  <ptpId>1</ptpId>
                  <BoundaryOrdinaryClock>
                     <boundaryOrdinaryClockId>1</boundaryOrdinaryClockId>
                     <clockType>SLAVE_ONLY_ORDINARY_CLOCK</clockType>
                     <domainNumber>%Domain_number_SyncRef_1%</domainNumber>
                     <!--Substitution variable="Domain_number_SyncRef_1" area="SYNCHRONIZATION" description="The PTP domain - Number must be unique for each clock domain of the network [Type: Integer, Range: 0 : 255]"-->
                     <priority1>255</priority1>
                     <priority2>255</priority2>
                     <ptpProfile>G_8265_1</ptpProfile>
                     <PtpBcOcPort>
                        <ptpBcOcPortId>1</ptpBcOcPortId>
                        <administrativeState>UNLOCKED</administrativeState>
                        <associatedGrandmaster>%Grand_Master_SyncRef_1%</associatedGrandmaster>
                        <!--Substitution variable="Grand_Master_SyncRef_1" area="SYNCHRONIZATION" description="The associated grandmaster according to G.8265.1 or G.8275.2. [IP address excluding the network prefix length or DNS domain name]"-->
                        <transportInterface>ManagedElement=1,Transport=1,Router=LTE,InterfaceIPv4=1,AddressIPv4=1</transportInterface>
                     </PtpBcOcPort>
                  </BoundaryOrdinaryClock>
                  <BoundaryOrdinaryClock>
                     <boundaryOrdinaryClockId>2</boundaryOrdinaryClockId>
                     <clockType>SLAVE_ONLY_ORDINARY_CLOCK</clockType>
                     <domainNumber>%Domain_number_SyncRef_2%</domainNumber>
                     <!--Substitution variable="Domain_number_SyncRef_2" area="SYNCHRONIZATION" description="The PTP domain - Number must be unique for each clock domain of the network [Type: Integer, Range: 0 : 255]"-->
                     <priority1>255</priority1>
                     <priority2>255</priority2>
                     <ptpProfile>G_8265_1</ptpProfile>
                     <PtpBcOcPort>
                        <ptpBcOcPortId>1</ptpBcOcPortId>
                        <administrativeState>UNLOCKED</administrativeState>
                        <associatedGrandmaster>%Grand_Master_SyncRef_2%</associatedGrandmaster>
                        <!--Substitution variable="Grand_Master_SyncRef_2" area="SYNCHRONIZATION" description="The associated grandmaster according to G.8265.1 or G.8275.2. [IP address excluding the network prefix length or DNS domain name]"-->
                        <transportInterface>ManagedElement=1,Transport=1,Router=LTE,InterfaceIPv4=1,AddressIPv4=1</transportInterface>
                     </PtpBcOcPort>
                  </BoundaryOrdinaryClock>
                  <BoundaryOrdinaryClock>
                     <boundaryOrdinaryClockId>3</boundaryOrdinaryClockId>
                     <clockType>SLAVE_ONLY_ORDINARY_CLOCK</clockType>
                     <domainNumber>%Domain_number_SyncRef_3%</domainNumber>
                     <!--Substitution variable="Domain_number_SyncRef_3" area="SYNCHRONIZATION" description="The PTP domain - Number must be unique for each clock domain of the network [Type: Integer, Range: 0 : 255]"-->
                     <priority1>255</priority1>
                     <priority2>255</priority2>
                     <ptpProfile>G_8275_1</ptpProfile>
                     <PtpBcOcPort>
                        <ptpBcOcPortId>1</ptpBcOcPortId>
                        <administrativeState>UNLOCKED</administrativeState>
                        <transportInterface>ManagedElement=1,Transport=1,EthernetPort=TN_B</transportInterface>
                     </PtpBcOcPort>
                  </BoundaryOrdinaryClock>
                  <BoundaryOrdinaryClock>
                     <boundaryOrdinaryClockId>4</boundaryOrdinaryClockId>
                     <clockType>SLAVE_ONLY_ORDINARY_CLOCK</clockType>
                     <domainNumber>%Domain_number_SyncRef_4%</domainNumber>
                     <!--Substitution variable="Domain_number_SyncRef_4" area="SYNCHRONIZATION" description="The PTP domain - Number must be unique for each clock domain of the network [Type: Integer, Range: 0 : 255]"-->
                     <priority1>255</priority1>
                     <priority2>255</priority2>
                     <ptpProfile>G_8275_2</ptpProfile>
                     <PtpBcOcPort>
                        <ptpBcOcPortId>1</ptpBcOcPortId>
                        <administrativeState>UNLOCKED</administrativeState>
                        <associatedGrandmaster>%Grand_Master_SyncRef_4%</associatedGrandmaster>
                        <!--Substitution variable="Grand_Master_SyncRef_4" area="SYNCHRONIZATION" description="The associated grandmaster according to G.8265.1 or G.8275.2. [IP address excluding the network prefix length or DNS domain name]"-->
                        <transportInterface>ManagedElement=1,Transport=1,Router=LTE,InterfaceIPv4=1,AddressIPv4=1</transportInterface>
                     </PtpBcOcPort>
                  </BoundaryOrdinaryClock>
               </Ptp>
               <Synchronization>
                  <synchronizationId>1</synchronizationId>
                  <telecomStandard>OPTION_I</telecomStandard>
                  <TimeSyncIO>
                     <timeSyncIOId>GPS</timeSyncIOId>
                     <encapsulation>ManagedElement=1,Equipment=1,FieldReplaceableUnit=BB-1,SyncPort=SYNC</encapsulation>
                  </TimeSyncIO>
                  <RadioEquipmentClock>
                     <radioEquipmentClockId>1</radioEquipmentClockId>
                     <selectionProcessMode>QL_ENABLED</selectionProcessMode>
                     <minQualityLevel/>
                     <RadioEquipmentClockReference>
                        <radioEquipmentClockReferenceId>GPS</radioEquipmentClockReferenceId>
                        <administrativeState>UNLOCKED</administrativeState>
                        <priority>1</priority>
                        <adminQualityLevel/>
                        <encapsulation>ManagedElement=1,Transport=1,Synchronization=1,TimeSyncIO=GPS</encapsulation>
                     </RadioEquipmentClockReference>
                     <RadioEquipmentClockReference>
                        <radioEquipmentClockReferenceId>1</radioEquipmentClockReferenceId>
                        <administrativeState>UNLOCKED</administrativeState>
                        <priority>2</priority>
                        <adminQualityLevel/>
                        <encapsulation>ManagedElement=1,Transport=1,Ptp=1,BoundaryOrdinaryClock=1</encapsulation>
                     </RadioEquipmentClockReference>
                     <RadioEquipmentClockReference>
                        <radioEquipmentClockReferenceId>2</radioEquipmentClockReferenceId>
                        <administrativeState>UNLOCKED</administrativeState>
                        <priority>3</priority>
                        <adminQualityLevel/>
                        <encapsulation>ManagedElement=1,Transport=1,Ptp=1,BoundaryOrdinaryClock=2</encapsulation>
                     </RadioEquipmentClockReference>
                     <RadioEquipmentClockReference>
                        <radioEquipmentClockReferenceId>3</radioEquipmentClockReferenceId>
                        <administrativeState>UNLOCKED</administrativeState>
                        <priority>4</priority>
                        <adminQualityLevel/>
                        <encapsulation>ManagedElement=1,Transport=1,Ptp=1,BoundaryOrdinaryClock=3</encapsulation>
                     </RadioEquipmentClockReference>
                     <RadioEquipmentClockReference>
                        <radioEquipmentClockReferenceId>4</radioEquipmentClockReferenceId>
                        <administrativeState>UNLOCKED</administrativeState>
                        <priority>5</priority>
                        <adminQualityLevel/>
                        <encapsulation>ManagedElement=1,Transport=1,Ptp=1,BoundaryOrdinaryClock=4</encapsulation>
                     </RadioEquipmentClockReference>
                  </RadioEquipmentClock>
               </Synchronization>
            </Transport>
         </ManagedElement>
      </config>
   </edit-config>
</rpc>
]]>]]>

<rpc xmlns="urn:ietf:params:xml:ns:netconf:base:1.0"
     message-id="Configure OAM Access Point">
   <edit-config>
      <target>
         <running/>
      </target>
      <config>
         <ManagedElement>
            <managedElementId>1</managedElementId>
            <SystemFunctions>
               <systemFunctionsId>1</systemFunctionsId>
               <SysM>
                  <sysMId>1</sysMId>
                  <OamAccessPoint>
                     <oamAccessPointId>1</oamAccessPointId>
                     <accessPoint>ManagedElement=1,Transport=1,Router=vr_OAM,InterfaceIPv4=1,AddressIPv4=1</accessPoint>
                  </OamAccessPoint>
               </SysM>
            </SystemFunctions>
         </ManagedElement>
      </config>
   </edit-config>
</rpc>
]]>]]>

<rpc xmlns="urn:ietf:params:xml:ns:netconf:base:1.0" message-id="Close Session">
   <close-session/>
</rpc>
]]>]]>

<hello xmlns="urn:ietf:params:xml:ns:netconf:base:1.0">
   <capabilities>
      <capability>urn:ietf:params:netconf:base:1.0</capability>
      <capability>urn:com:ericsson:ebase:1.2.0</capability>
   </capabilities>
</hello>
]]>]]>

<rpc xmlns="urn:ietf:params:xml:ns:netconf:base:1.0"
     message-id="Configure networkManagedElementId">
   <edit-config>
      <target>
         <running/>
      </target>
      <config>
         <ManagedElement>
            <managedElementId>1</managedElementId>
            <networkManagedElementId>%node_logical_name%</networkManagedElementId>
            <!--Substitution variable="node_logical_name" area="COMMON" description="The logical name of the node, as identified by the management system. The value must be unique. [Type: Text]" flags="UNIQUE"-->
         </ManagedElement>
      </config>
   </edit-config>
</rpc>
]]>]]>

<rpc xmlns="urn:ietf:params:xml:ns:netconf:base:1.0" message-id="Close Session">
   <close-session/>
</rpc>
]]>]]>

