<networkElements>
  <RadioNode>
    <settings>
      <MOM_version>21.Q1 GA CXP2020013/15-R24C07 (UP: CXP9024418/15-R24C66)</MOM_version>
      <RBS_type>Macro</RBS_type>
      <Radio_technologies>
        <LTE_FDD/>
      </Radio_technologies>
      <Profile_Usage>New_nodes_(Node_centric_mode)</Profile_Usage>
      <Profile_options/>
      <CIQ_orientation>Row</CIQ_orientation>
    </settings>
    <Frequencies>
      <LTE_frequency>
        <Definition_name>1700</Definition_name>
        <Type>
          <FDD>
            <Downlink_EARFCN>1700</Downlink_EARFCN>
            <Uplink_EARFCN>19700</Uplink_EARFCN>
            <Channel_bandwidth>20000</Channel_bandwidth>
          </FDD>
        </Type>
      </LTE_frequency>
    </Frequencies>
    <General_Definitions>
      <PLM_identity>
        <Definition_name>1</Definition_name>
        <MCC>452</MCC>
        <MNC>4</MNC>
        <MNC_length>2</MNC_length>
      </PLM_identity>
    </General_Definitions>
    <Equipment>
      <Cabinet>
        <RBS_6601>
          <Cabinet_identity>1</Cabinet_identity>
          <Support_system_control>true</Support_system_control>
          <No_of_alarm_ports>8</No_of_alarm_ports>
          <No_of_External_nodes>0</No_of_External_nodes>
        </RBS_6601>
      </Cabinet>
      <HW>
        <BB>
          <BB5216>
            <Cabinet_Reference>1</Cabinet_Reference>
          </BB5216>
        </BB>
      </HW>
      <Sector>
        <Sector_identity>1</Sector_identity>
        <Radio_type>
          <Radio>
            <RBB>
              <RBB44_1D>
                <Antenna_unit_group_identity>1</Antenna_unit_group_identity>
                <Connect_sector_to>
                  <BB-1>
                    <Connect_Data1_to_BB_port>A</Connect_Data1_to_BB_port>
                  </BB-1>
                </Connect_sector_to>
                <ABB>
                  <ABB4_1A>
                    <Reference_to_Antenna_Unit_for_ASU_1>1</Reference_to_Antenna_Unit_for_ASU_1>
                    <TMA>false</TMA>
                  </ABB4_1A>
                </ABB>
              </RBB44_1D>
            </RBB>
          </Radio>
        </Radio_type>
      </Sector>
      <Sector>
        <Sector_identity>2</Sector_identity>
        <Radio_type>
          <Radio>
            <RBB>
              <RBB44_1D>
                <Antenna_unit_group_identity>2</Antenna_unit_group_identity>
                <Connect_sector_to>
                  <BB-1>
                    <Connect_Data1_to_BB_port>B</Connect_Data1_to_BB_port>
                  </BB-1>
                </Connect_sector_to>
                <ABB>
                  <ABB4_1A>
                    <Reference_to_Antenna_Unit_for_ASU_1>2</Reference_to_Antenna_Unit_for_ASU_1>
                    <TMA>false</TMA>
                  </ABB4_1A>
                </ABB>
              </RBB44_1D>
            </RBB>
          </Radio>
        </Radio_type>
      </Sector>
      <Sector>
        <Sector_identity>3</Sector_identity>
        <Radio_type>
          <Radio>
            <RBB>
              <RBB44_1D>
                <Antenna_unit_group_identity>3</Antenna_unit_group_identity>
                <Connect_sector_to>
                  <BB-1>
                    <Connect_Data1_to_BB_port>C</Connect_Data1_to_BB_port>
                  </BB-1>
                </Connect_sector_to>
                <ABB>
                  <ABB4_1A>
                    <Reference_to_Antenna_Unit_for_ASU_1>3</Reference_to_Antenna_Unit_for_ASU_1>
                    <TMA>false</TMA>
                  </ABB4_1A>
                </ABB>
              </RBB44_1D>
            </RBB>
          </Radio>
        </Radio_type>
      </Sector>
    </Equipment>
    <Transport>
      <Global_settings>
        <Router_used_for_OAM_traffic>vr_OAM</Router_used_for_OAM_traffic>
        <National_standard_used_for_synchronization>ETSI</National_standard_used_for_synchronization>
      </Global_settings>
      <Port>
        <Port_identity>TN_B</Port_identity>
        <Ethernet_autonegotiation>false</Ethernet_autonegotiation>
        <Transmission_rate>1G</Transmission_rate>
      </Port>
      <Router>
        <Router_identity>vr_OAM</Router_identity>
        <IP_version>IPV4</IP_version>
        <Address_configuration_method>MANUAL</Address_configuration_method>
        <Interface>
          <Physical_interface>
            <Physical_connector>TN_B</Physical_connector>
            <VLAN_usage>true</VLAN_usage>
          </Physical_interface>
        </Interface>
      </Router>
      <Router>
        <Router_identity>LTE</Router_identity>
        <IP_version>IPV4</IP_version>
        <Address_configuration_method>MANUAL</Address_configuration_method>
        <Interface>
          <Physical_interface>
            <Physical_connector>TN_B</Physical_connector>
            <VLAN_usage>true</VLAN_usage>
          </Physical_interface>
        </Interface>
      </Router>
      <Synchronization_reference>
        <Synchronization_reference_identity>GPS</Synchronization_reference_identity>
        <Priority>1</Priority>
        <Synchronization_method>
          <GPS>
            <Used_synchronization_port>SYNC</Used_synchronization_port>
          </GPS>
        </Synchronization_method>
      </Synchronization_reference>
      <Synchronization_reference>
        <Synchronization_reference_identity>1</Synchronization_reference_identity>
        <Priority>2</Priority>
        <Synchronization_method>
          <PTP_frequency>
            <Used_router>LTE</Used_router>
          </PTP_frequency>
        </Synchronization_method>
      </Synchronization_reference>
      <Synchronization_reference>
        <Synchronization_reference_identity>2</Synchronization_reference_identity>
        <Priority>3</Priority>
        <Synchronization_method>
          <PTP_frequency>
            <Used_router>LTE</Used_router>
          </PTP_frequency>
        </Synchronization_method>
      </Synchronization_reference>
      <Synchronization_reference>
        <Synchronization_reference_identity>3</Synchronization_reference_identity>
        <Priority>4</Priority>
        <Synchronization_method>
          <PTP_time_G.8275.1>
            <Used_TN_port>TN_B</Used_TN_port>
          </PTP_time_G.8275.1>
        </Synchronization_method>
      </Synchronization_reference>
      <Synchronization_reference>
        <Synchronization_reference_identity>4</Synchronization_reference_identity>
        <Priority>5</Priority>
        <Synchronization_method>
          <PTP_time_G.8275.2>
            <Used_router>LTE</Used_router>
          </PTP_time_G.8275.2>
        </Synchronization_method>
      </Synchronization_reference>
    </Transport>
    <LTE_Radio_Access>
      <Global_settings>
        <Recommended_settings>true</Recommended_settings>
        <Unlock_cells>false</Unlock_cells>
        <PLM_identity_definition>1</PLM_identity_definition>
        <Used_router>LTE</Used_router>
        <MME_mode>
          <Manually_defined_MME_nodes>
            <Number_of_MME_nodes>5</Number_of_MME_nodes>
          </Manually_defined_MME_nodes>
        </MME_mode>
      </Global_settings>
      <Cell>
        <Cell_identity>1</Cell_identity>
        <Frequency>1700</Frequency>
        <No_of_RX_antennas>4</No_of_RX_antennas>
        <No_of_TX_antennas>4</No_of_TX_antennas>
        <Carrier>
          <Carrier_identity>1</Carrier_identity>
          <Sector_identity>1</Sector_identity>
        </Carrier>
      </Cell>
      <Cell>
        <Cell_identity>2</Cell_identity>
        <Frequency>1700</Frequency>
        <Carrier>
          <Sector_identity>2</Sector_identity>
        </Carrier>
      </Cell>
      <Cell>
        <Cell_identity>3</Cell_identity>
        <Frequency>1700</Frequency>
        <Carrier>
          <Carrier_identity>3</Carrier_identity>
          <Sector_identity>3</Sector_identity>
        </Carrier>
      </Cell>
    </LTE_Radio_Access>
    <Node_Integration>
      <Global_settings>
        <Management_system>
          <ENM>
            <OSS_model_identity>1</OSS_model_identity>
            <OSS_prefix>
              <Local_prefix>CUSTOM</Local_prefix>
              <ME_context>NODENAME</ME_context>
            </OSS_prefix>
            <Upgrade_package>CXP9024418/15_R24F29</Upgrade_package>
          </ENM>
        </Management_system>
        <AI_method>
          <LMT/>
        </AI_method>
      </Global_settings>
    </Node_Integration>
    <Feature_Activation>
      <Global_settings>
        <LTE_features>
          <Include_features>true</Include_features>
          <Recommended_features>Activate and unlock</Recommended_features>
        </LTE_features>
        <GSM_features>
          <Include_features>false</Include_features>
        </GSM_features>
      </Global_settings>
      <Value_packages>
        <fajNumber>FAJ 801 0400</fajNumber>
        <fajNumber>FAJ 801 0401</fajNumber>
        <fajNumber>FAJ 801 0405</fajNumber>
        <fajNumber>FAJ 801 0409</fajNumber>
        <fajNumber>FAJ 801 0415</fajNumber>
        <fajNumber>FAJ 801 0427</fajNumber>
        <fajNumber>FAJ 801 0430</fajNumber>
        <fajNumber>FAJ 801 0431</fajNumber>
        <fajNumber>FAJ 801 0433</fajNumber>
        <fajNumber>FAJ 801 0435</fajNumber>
        <fajNumber>FAJ 801 0442</fajNumber>
        <fajNumber>FAJ 801 0443</fajNumber>
        <fajNumber>FAJ 801 0444</fajNumber>
        <fajNumber>FAJ 801 0560</fajNumber>
        <fajNumber>FAJ 801 0564</fajNumber>
        <fajNumber>FAJ 801 0566</fajNumber>
        <fajNumber>FAJ 801 1000</fajNumber>
        <fajNumber>FAJ 801 1010</fajNumber>
        <fajNumber>FAJ 801 1011</fajNumber>
        <fajNumber>FAJ 801 1015</fajNumber>
        <fajNumber>FAJ 801 1018</fajNumber>
      </Value_packages>
      <Features>
        <fajNumber>FAJ 121 0486</fajNumber>
        <fajNumber>FAJ 121 0493</fajNumber>
        <fajNumber>FAJ 121 0495</fajNumber>
        <fajNumber>FAJ 121 0549</fajNumber>
        <fajNumber>FAJ 121 0780</fajNumber>
        <fajNumber>FAJ 121 0797</fajNumber>
        <fajNumber>FAJ 121 0801</fajNumber>
        <fajNumber>FAJ 121 0859</fajNumber>
        <fajNumber>FAJ 121 0877</fajNumber>
        <fajNumber>FAJ 121 1713</fajNumber>
        <fajNumber>FAJ 121 1749</fajNumber>
        <fajNumber>FAJ 121 1800</fajNumber>
        <fajNumber>FAJ 121 3013</fajNumber>
        <fajNumber>FAJ 121 3031</fajNumber>
        <fajNumber>FAJ 121 3040</fajNumber>
        <fajNumber>FAJ 121 3081</fajNumber>
        <fajNumber>FAJ 121 4274</fajNumber>
        <fajNumber>FAJ 121 4363</fajNumber>
        <fajNumber>FAJ 121 4422</fajNumber>
        <fajNumber>FAJ 121 4619</fajNumber>
        <fajNumber>FAJ 121 4757</fajNumber>
        <fajNumber>FAJ 121 3041</fajNumber>
        <fajNumber>FAJ 121 3046</fajNumber>
        <fajNumber>FAJ 121 3063</fajNumber>
        <fajNumber>FAJ 121 3068</fajNumber>
        <fajNumber>FAJ 121 3084</fajNumber>
        <fajNumber>FAJ 121 4252</fajNumber>
        <fajNumber>FAJ 121 4425</fajNumber>
        <fajNumber>FAJ 121 4466</fajNumber>
        <fajNumber>FAJ 121 4467</fajNumber>
        <fajNumber>FAJ 121 5032</fajNumber>
        <fajNumber>FAJ 121 0920</fajNumber>
        <fajNumber>FAJ 121 1787</fajNumber>
        <fajNumber>FAJ 121 2037</fajNumber>
        <fajNumber>FAJ 121 4415</fajNumber>
        <fajNumber>FAJ 121 2056</fajNumber>
        <fajNumber>FAJ 121 3051</fajNumber>
        <fajNumber>FAJ 121 3057</fajNumber>
        <fajNumber>FAJ 121 3093</fajNumber>
        <fajNumber>FAJ 121 4296</fajNumber>
        <fajNumber>FAJ 121 4299</fajNumber>
        <fajNumber>FAJ 121 4300</fajNumber>
        <fajNumber>FAJ 121 4301</fajNumber>
        <fajNumber>FAJ 121 4329</fajNumber>
        <fajNumber>FAJ 121 4524</fajNumber>
        <fajNumber>FAJ 121 4570</fajNumber>
        <fajNumber>FAJ 121 4746</fajNumber>
        <fajNumber>FAJ 121 5187</fajNumber>
        <fajNumber>FAJ 121 3009</fajNumber>
        <fajNumber>FAJ 121 3028</fajNumber>
        <fajNumber>FAJ 121 3058</fajNumber>
        <fajNumber>FAJ 121 3077</fajNumber>
        <fajNumber>FAJ 121 4219</fajNumber>
        <fajNumber>FAJ 121 4338</fajNumber>
        <fajNumber>FAJ 121 4406</fajNumber>
        <fajNumber>FAJ 121 1744</fajNumber>
        <fajNumber>FAJ 121 2025</fajNumber>
        <fajNumber>FAJ 121 3047</fajNumber>
        <fajNumber>FAJ 121 0497</fajNumber>
        <fajNumber>FAJ 121 1885</fajNumber>
        <fajNumber>FAJ 121 1898</fajNumber>
        <fajNumber>FAJ 121 2026</fajNumber>
        <fajNumber>FAJ 121 3035</fajNumber>
        <fajNumber>FAJ 121 3043</fajNumber>
        <fajNumber>FAJ 121 4223</fajNumber>
        <fajNumber>FAJ 121 0861</fajNumber>
        <fajNumber>FAJ 121 0892</fajNumber>
        <fajNumber>FAJ 121 1789</fajNumber>
        <fajNumber>FAJ 121 3011</fajNumber>
        <fajNumber>FAJ 121 4246</fajNumber>
        <fajNumber>FAJ 121 1748</fajNumber>
        <fajNumber>FAJ 121 3023</fajNumber>
        <fajNumber>FAJ 121 3099</fajNumber>
        <fajNumber>FAJ 121 4645</fajNumber>
        <fajNumber>FAJ 121 4884</fajNumber>
        <fajNumber>FAJ 121 3076</fajNumber>
        <fajNumber>FAJ 121 3075</fajNumber>
        <fajNumber>FAJ 121 5237</fajNumber>
        <fajNumber>FAJ 121 4377</fajNumber>
        <fajNumber>FAJ 121 4655</fajNumber>
        <fajNumber>FAJ 121 4875</fajNumber>
        <fajNumber>FAJ 121 4876</fajNumber>
        <fajNumber>FAJ 121 4882</fajNumber>
        <fajNumber>FAJ 121 4899</fajNumber>
        <fajNumber>FAJ 121 5122</fajNumber>
        <fajNumber>FAJ 121 4994</fajNumber>
        <fajNumber>FAJ 121 5118</fajNumber>
      </Features>
    </Feature_Activation>
    <Custom_MO_Naming>
      <MO_Class>
        <MoClass/>
      </MO_Class>
    </Custom_MO_Naming>
    <Custom_MO_Attributes>
      <MO_Class/>
    </Custom_MO_Attributes>
  </RadioNode>
</networkElements>