{"download": 30306429.52572507, "upload": 37340769.91171007, "ping": 61.952, "server": {"url": "http://speedtestkv1a.viettel.vn:8080/speedtest/upload.php", "lat": "21.0285", "lon": "105.8542", "name": "Hanoi", "country": "Vietnam", "cc": "VN", "sponsor": "Viettel Network", "id": "9903", "host": "speedtestkv1a.viettel.vn:8080", "d": 0.412013855832036, "latency": 61.952}, "timestamp": "2021-03-30T00:05:30.260942Z", "bytes_sent": 49070080, "bytes_received": 39092754, "share": null, "client": {"ip": "118.70.239.39", "lat": "21.0313", "lon": "105.8516", "isp": "FPT Telecom Company", "isprating": "3.7", "rating": "0", "ispdlavg": "0", "ispulavg": "0", "loggedin": "0", "country": "VN"}}
{"download": 25078698.87047419, "upload": 47160806.35945814, "ping": 9.697, "server": {"url": "http://speedtestkv1a.viettel.vn:8080/speedtest/upload.php", "lat": "21.0285", "lon": "105.8542", "name": "Hanoi", "country": "Vietnam", "cc": "VN", "sponsor": "Viettel Network", "id": "9903", "host": "speedtestkv1a.viettel.vn:8080", "d": 0.412013855832036, "latency": 9.697}, "timestamp": "2021-03-30T00:05:53.644031Z", "bytes_sent": 60809216, "bytes_received": 34662435, "share": null, "client": {"ip": "118.70.239.39", "lat": "21.0313", "lon": "105.8516", "isp": "FPT Telecom Company", "isprating": "3.7", "rating": "0", "ispdlavg": "0", "ispulavg": "0", "loggedin": "0", "country": "VN"}}
{"download": 37178221.826903686, "upload": 35408588.69415231, "ping": 43.914, "server": {"url": "http://speedtestkv1a.viettel.vn:8080/speedtest/upload.php", "lat": "21.0285", "lon": "105.8542", "name": "Hanoi", "country": "Vietnam", "cc": "VN", "sponsor": "Viettel Network", "id": "9903", "host": "speedtestkv1a.viettel.vn:8080", "d": 0.412013855832036, "latency": 43.914}, "timestamp": "2021-03-30T00:06:17.416787Z", "bytes_sent": 61718528, "bytes_received": 48684596, "share": null, "client": {"ip": "118.70.239.39", "lat": "21.0313", "lon": "105.8516", "isp": "FPT Telecom Company", "isprating": "3.7", "rating": "0", "ispdlavg": "0", "ispulavg": "0", "loggedin": "0", "country": "VN"}}
